site_id,unit_id,read_date,salinity_ppt,dissolved_oxygen_mg_l,ph_standard_units,secchi_depth_m,water_depth_m,water_temp_c,air_temp_c,air_temp_f,time_24h,year
Bay,,1/3/1994,1.3,11.7,7.3,0.4,0.4,5.9,8.0,46.4,11:00,1994
Bay,,1/31/1994,1.5,12.0,7.4,0.2,0.35,3.0,2.6,36.68,11:30,1994
Bay,,2/7/1994,1.0,10.5,7.2,0.25,0.6,5.9,7.6,45.68,9:45,1994
Bay,,2/23/1994,1.0,10.1,7.4,0.35,0.5,10.0,2.7,36.86,,1994
Bay,,2/28/1994,1.0,12.6,7.2,0.2,0.4,1.6,0.0,32.0,10:30,1994
Bay,,3/7/1994,1.0,9.9,7.1,0.2,0.9,9.7,15.2,59.36,10:00,1994
Bay,,3/14/1994,0.5,10.4,7.2,0.25,0.75,9.8,10.1,50.18,11:00,1994
Bay,,3/28/1994,1.0,9.2,7.1,0.15,0.95,16.1,22.1,71.78,9:50,1994
Bay,,4/4/1994,1.0,9.2,7.2,0.25,0.75,15.0,13.5,56.3,10:00,1994
Bay,,4/11/1994,1.0,8.6,7.3,0.2,0.75,15.7,13.0,55.4,10:00,1994
Bay,,4/18/1994,1.0,8.8,7.6,0.2,0.7,17.5,16.6,61.88,10:30,1994
Bay,,4/25/1994,1.0,10.0,7.9,0.2,0.5,19.3,22.1,71.78,11:00,1994
Bay,,5/2/1994,1.3,9.8,7.5,0.2,0.65,16.1,13.0,55.4,10:30,1994
Bay,,5/9/1994,1.0,10.1,7.9,0.25,0.75,18.8,19.5,67.1,10:45,1994
Bay,,5/16/1994,1.0,8.2,7.8,0.25,0.8,22.1,22.3,72.14,10:00,1994
Bay,,5/23/1994,1.0,10.8,9.1,0.05,0.05,21.7,24.3,75.74,11:00,1994
Bay,,5/30/1994,1.0,8.7,8.5,0.35,0.8,22.3,22.7,72.86,,1994
Bay,,6/6/1994,1.0,9.4,8.6,0.35,0.8,23.8,25.7,78.26,11:00,1994
Bay,,6/13/1994,1.2,10.4,9.0,0.35,0.8,27.9,26.9,80.42,10:45,1994
Bay,,6/20/1994,1.5,9.8,9.0,0.35,0.7,29.5,30.5,86.9,10:15,1994
Bay,,6/27/1994,1.5,7.3,8.1,0.25,1.2,25.5,27.9,82.22,10:15,1994
Bay,,7/3/1994,2.0,10.7,9.0,0.4,0.9,28.5,28.0,82.4,10:40,1994
Bay,,6/25/1994,2.0,11.0,9.4,0.5,0.9,30.5,28.5,83.3,10:30,1994
Bay,,8/1/1994,2.0,10.7,9.2,0.45,0.75,29.0,25.5,77.9,,1994
Bay,,8/8/1994,2.0,10.2,9.2,0.4,0.55,22.0,21.5,70.7,10:30,1994
Bay,,8/15/1994,2.3,6.9,8.8,0.45,0.9,24.5,20.0,68.0,10:30,1994
Bay,,8/22/1994,2.0,9.1,9.1,0.45,0.9,27.0,24.5,76.1,10:30,1994
Bay,,8/29/1994,2.3,9.8,9.3,0.45,0.75,27.0,27.0,80.6,10:45,1994
Bay,,9/5/1994,2.5,8.6,8.5,0.2,1.2,17.0,17.0,62.6,10:00,1994
Bay,,9/12/1994,2.5,7.9,8.4,0.35,0.6,21.0,19.0,66.2,10:30,1994
Bay,,9/19/1994,2.5,8.2,8.1,0.45,0.6,20.5,21.5,70.7,10:30,1994
Bay,,9/26/1994,2.25,6.9,8.1,0.45,0.8,23.0,23.0,73.4,10:15,1994
Bay,,10/10/1994,2.5,8.4,8.1,0.45,0.5,17.0,17.0,62.6,10:30,1994
Bay,,10/24/1994,2.5,7.4,7.6,0.35,0.85,18.0,19.0,66.2,10:20,1994
Bay,,11/7/1994,2.5,9.0,7.3,0.2,0.5,15.0,15.0,59.0,10:00,1994
Bay,,11/28/1994,2.8,9.4,7.7,0.25,0.65,13.0,17.5,63.5,10:30,1994
Bay,,12/12/1994,2.5,11.4,6.9,0.35,0.4,5.0,5.0,41.0,11:00,1994
Bay,,12/29/1994,3.0,10.4,6.9,0.15,0.4,8.0,9.5,49.1,11:00,1994
Bay,,5/11/1989,,,7.5,0.3,0.9,17.0,,,0:00,1989
Bay,,5/18/1989,,12.0,7.5,0.2,0.6,17.5,,68.9,21:36,1989
Bay,,5/25/1989,,,8.0,0.4,0.8,23.0,,77.0,0:00,1989
Bay,,6/1/1989,,12.0,8.0,0.4,0.9,25.5,,84.2,4:48,1989
Bay,,7/11/1989,,,8.5,0.3,0.9,28.5,,82.4,9:36,1989
Bay,,7/20/1989,,1.6,9.0,0.3,0.9,30.0,,90.5,12:00,1989
Bay,,7/27/1989,,6.2,9.0,0.3,0.8,27.0,,80.6,14:24,1989
Bay,,8/3/1989,,5.8,9.5,0.2,0.7,25.0,,82.4,9:36,1989
Bay,,8/10/1989,,3.2,9.0,0.2,0.3,21.5,,72.5,12:00,1989
Bay,,8/17/1989,,7.3,9.0,0.2,0.8,28.0,,84.2,4:48,1989
Bay,,8/31/1989,,7.1,9.0,0.2,0.8,28.0,,82.4,9:36,1989
Bay,,9/14/1989,,6.0,7.5,0.3,0.9,26.0,,78.8,19:12,1989
Bay,,10/25/1989,,7.8,8.5,0.2,0.5,15.0,,66.2,4:48,1989
Bay,,10/31/1989,,,7.5,0.2,0.7,21.5,,71.6,14:24,1989
Bay,,11/20/1989,,,8.0,0.2,1.0,8.5,,57.2,4:48,1989
Bay,,11/27/1989,,10.3,7.5,0.2,0.6,9.0,,39.2,4:48,1989
Bay,,12/11/1989,,10.2,7.0,0.2,0.4,3.0,,37.4,9:36,1989
Bay,,1/3/1990,,11.9,7.5,0.2,0.6,3.0,,41.0,0:00,1990
Bay,,1/8/1990,,10.8,7.5,0.2,0.4,7.0,,45.5,12:00,1990
Bay,,1/22/1990,1.0,9.7,7.5,0.15,0.65,10.0,,53.6,14:24,1990
Bay,,1/30/1990,,10.8,7.5,0.2,0.7,9.0,,55.4,9:36,1990
Bay,,2/7/1990,3.4,10.8,7.5,0.2,0.6,10.0,,50.0,0:00,1990
Bay,,2/12/1990,3.2,10.6,7.0,0.2,0.7,10.0,,48.2,4:48,1990
Bay,,2/20/1990,4.2,11.6,7.5,0.15,0.39,5.0,,41.0,0:00,1990
Bay,,2/27/1990,2.8,13.8,7.0,0.5,1.5,2.5,,33.8,19:12,1990
Bay,,3/5/1990,2.9,11.6,7.0,0.2,0.4,7.0,,47.3,7:12,1990
Bay,,3/12/1990,2.9,9.0,7.0,0.15,0.69,17.0,,69.8,19:12,1990
Bay,,3/19/1990,2.8,7.8,7.0,0.22,0.92,15.0,,57.2,4:48,1990
Bay,,3/26/1990,3.0,10.8,7.0,0.25,0.4,9.5,,48.2,4:48,1990
Bay,,4/2/1990,1.8,9.6,8.0,0.15,0.7,5.0,,59.0,0:00,1990
Bay,,4/9/1990,4.1,10.8,7.0,0.25,0.78,11.0,,53.6,14:24,1990
Bay,,4/16/1990,2.5,9.7,7.0,0.25,0.72,15.0,,57.2,4:48,1990
Bay,,4/23/1990,2.8,10.7,7.0,0.25,0.59,15.0,,59.0,0:00,1990
Bay,,4/30/1990,3.2,10.0,7.0,0.88,1.3,18.0,,60.8,19:12,1990
Bay,,5/7/1990,4.5,8.9,7.0,0.25,0.75,17.0,,64.4,9:36,1990
Bay,,5/14/1990,3.7,8.4,7.0,0.32,1.0,20.0,,66.2,4:48,1990
Bay,,5/21/1990,2.9,,7.0,0.25,0.99,22.0,,76.1,2:24,1990
Bay,,5/29/1990,2.1,8.9,7.0,0.375,0.95,19.0,,68.0,0:00,1990
Bay,,6/4/1990,3.5,6.9,7.0,0.4,1.22,24.0,,77.0,0:00,1990
Bay,,6/11/1990,3.2,7.9,7.0,0.35,0.75,24.0,,71.6,14:24,1990
Bay,,6/16/1990,3.2,7.7,7.0,0.32,0.62,23.5,,68.0,0:00,1990
Bay,,6/24/1990,3.8,7.9,7.0,0.35,0.91,26.0,,78.8,19:12,1990
Bay,,7/2/1990,3.7,7.8,7.0,0.35,0.78,24.0,,74.3,7:12,1990
Bay,,7/9/1990,4.2,7.5,7.5,0.3,0.82,26.0,,79.7,16:48,1990
Bay,,7/16/1990,3.9,7.5,7.0,0.375,1.25,26.5,,,12:00,1990
Bay,,7/26/1990,4.2,6.9,7.75,0.375,0.48,27.0,,78.8,19:12,1990
Bay,,8/6/1990,4.2,7.7,8.0,0.4,0.98,26.0,,78.8,19:12,1990
Bay,,8/13/1990,4.2,7.8,8.0,0.35,0.82,27.0,,80.6,14:24,1990
Bay,,8/27/1990,4.2,8.9,8.0,0.35,0.94,27.0,,83.3,7:12,1990
Bay,,9/4/1990,2.9,8.1,8.0,0.25,0.68,23.0,,75.2,4:48,1990
Bay,,9/17/1990,2.4,8.8,8.0,0.25,0.78,21.0,,64.4,9:36,1990
Bay,,10/15/1990,3.5,8.2,8.0,0.3,0.93,23.0,,71.6,14:24,1990
Bay,,10/29/1990,0.7,12.5,8.0,0.1,0.38,9.0,,50.0,0:00,1990
Bay,,12/17/1990,0.5,11.05,7.5,0.25,0.6,8.0,,46.4,9:36,1990
Bay,,1/7/1991,0.7,11.8,8.0,0.2,0.39,9.0,,46.4,9:36,1991
Bay,,1/14/1991,0.4,12.2,8.0,0.2,0.65,4.5,,39.2,4:48,1991
Bay,,1/24/1991,0.5,13.2,7.5,0.2,0.65,4.5,,40.1,2:24,1991
Bay,,1/3/1991,0.5,11.9,7.5,0.25,0.78,9.0,,51.8,19:12,1991
Bay,,2/4/1991,0.9,,7.5,0.25,0.7,9.0,,50.9,21:36,1991
Bay,,2/11/1991,0.7,11.1,7.5,0.3,0.41,7.5,,46.4,9:36,1991
Bay,,2/21/1991,1.2,10.8,7.5,0.2,0.72,12.0,,50.9,21:36,1991
Bay,,2/25/1991,0.7,11.8,7.5,0.2,0.28,8.0,,46.4,9:36,1991
Bay,,3/4/1991,1.2,10.0,7.5,0.2,1.6,15.0,,60.8,19:12,1991
Bay,,3/11/1991,0.4,12.9,7.5,0.15,0.35,6.0,,39.2,4:48,1991
Bay,,3/18/1991,,9.95,7.7,0.25,0.69,11.0,,57.2,4:48,1991
Bay,,3/25/1991,0.0,9.8,8.0,0.275,0.94,14.0,,55.4,9:36,1991
Bay,,4/4/1991,1.2,10.7,8.0,0.32,0.78,13.0,,57.2,4:48,1991
Bay,,4/8/1991,2.1,8.7,8.0,0.32,0.83,19.0,,69.8,19:12,1991
Bay,,4/15/1991,1.2,8.9,7.5,0.32,0.52,14.0,,59.9,21:36,1991
Bay,,4/22/1991,0.9,9.75,7.5,0.2,0.55,12.5,,55.4,9:36,1991
Bay,,4/29/1991,2.4,8.3,7.5,0.35,0.8,20.5,,64.4,9:36,1991
Bay,,5/6/1991,2.6,8.0,7.5,0.35,0.95,21.0,,74.3,7:12,1991
Bay,,5/20/1991,1.3,9.5,7.5,0.3,0.5,15.5,,59.0,0:00,1991
Bay,,6/10/1991,3.0,6.9,7.5,0.3,0.7,23.0,,78.8,19:12,1991
Bay,,6/17/1991,3.8,6.8,7.5,0.325,1.09,26.0,,80.6,14:24,1991
Bay,,6/26/1991,2.8,8.1,7.5,0.25,0.7,21.0,,70.7,16:48,1991
Bay,,7/9/1991,1.8,7.8,7.5,0.35,0.95,28.0,,85.1,2:24,1991
Bay,,7/15/1991,0.0,8.0,7.5,0.99,0.375,27.5,,82.4,9:36,1991
Bay,,7/25/1991,,7.8,7.0,0.4,0.925,29.0,,84.2,4:48,1991
Bay,,8/2/1991,0.7,8.0,7.5,0.35,1.025,24.5,,79.7,16:48,1991
Bay,,8/9/1991,,8.4,8.0,0.35,1.025,27.0,,84.2,4:48,1991
Bay,,8/16/1991,,8.8,8.0,0.38,1.01,25.0,,78.8,19:12,1991
Bay,,8/23/1991,,7.8,8.0,0.375,0.88,26.0,,82.4,9:36,1991
Bay,,8/30/1991,,7.8,8.0,,,26.0,,81.5,12:00,1991
Bay,,9/6/1991,,7.7,8.0,0.375,0.9,25.0,,76.1,2:24,1991
Bay,,9/13/1991,,8.2,8.0,0.2,0.37,22.5,,77.0,0:00,1991
Bay,,9/23/1991,1.8,8.5,8.0,0.31,0.52,20.0,,69.8,19:12,1991
Bay,,10/4/1991,3.5,7.7,7.5,0.28,0.7,21.0,,71.6,,1991
Bay,,10/17/1991,9.0,9.7,7.5,0.2,0.65,13.0,,51.8,19:12,1991
Bay,,10/31/1991,2.5,9.2,7.5,,1.5,13.0,,59.0,0:00,1991
Bay,,11/7/1991,4.7,10.2,7.7,0.25,0.75,13.0,,56.3,7:12,1991
Bay,,11/14/1991,6.2,11.3,7.0,0.15,0.8,12.0,,56.3,7:12,1991
Bay,,11/21/1991,2.6,9.1,7.0,0.15,0.85,17.0,,67.1,2:24,1991
Bay,,11/29/1991,3.3,10.8,7.5,0.25,0.6,12.0,,59.0,0:00,1991
Bay,,12/9/1991,2.0,10.4,7.5,0.15,0.25,10.0,,59.0,0:00,1991
Bay,,12/20/1991,1.4,15.1,8.0,0.2,0.3,2.0,,35.6,14:24,1991
Bay,,12/27/1991,2.9,11.6,7.5,0.35,0.49,7.0,,44.6,14:24,1991
Bay,,1/3/1992,2.0,11.8,7.5,0.28,0.45,10.0,,53.6,14:24,1992
Bay,,1/9/1992,2.2,11.3,7.5,0.3,0.99,7.5,,49.1,2:24,1992
Bay,,1/20/1992,1.4,12.6,7.0,0.2,0.58,2.0,,32.9,21:36,1992
Bay,,1/30/1992,1.6,11.6,7.0,0.25,0.48,6.0,,43.7,16:48,1992
Bay,,2/10/1992,2.4,14.2,7.0,0.25,0.3,3.0,,39.2,4:48,1992
Bay,,2/17/1992,2.0,11.1,7.0,0.15,0.68,10.0,,44.6,14:24,1992
Bay,,2/23/1992,2.4,10.0,7.5,0.15,0.68,12.5,,54.5,12:00,1992
Bay,,3/2/1992,2.9,11.3,8.0,0.2,0.8,13.0,,59.9,21:36,1992
Bay,,3/9/1992,3.5,10.0,7.5,0.25,0.75,16.0,,64.4,9:36,1992
Bay,,3/16/1992,2.8,,7.0,0.15,0.48,3.0,,30.0,0:00,1992
Bay,,3/23/1992,2.9,11.6,7.5,0.05,0.35,3.0,,44.6,14:24,1992
Bay,,4/6/1992,3.0,11.0,7.5,0.25,0.42,9.0,,50.0,0:00,1992
Bay,,4/13/1992,3.8,10.6,7.5,0.1,0.5,13.0,,45.5,12:00,1992
Bay,,4/20/1992,4.7,9.4,7.0,0.2,0.78,17.0,,55.4,9:36,1992
Bay,,4/27/1992,3.7,9.6,7.0,0.35,0.65,14.0,,55.49,11:45,1992
Bay,,5/5/1992,3.8,8.9,7.5,0.2,0.6,15.5,,50.0,0:00,1992
Bay,,5/11/1992,4.2,9.2,7.5,0.3,0.7,17.5,,62.6,14:24,1992
Bay,,5/18/1992,3.9,9.0,7.5,0.3,0.65,,,75.2,4:48,1992
Bay,,6/1/1992,5.0,9.4,7.0,0.4,0.9,20.0,,68.9,21:36,1992
Bay,,6/8/1992,4.3,7.9,7.0,0.4,1.05,27.5,,84.2,4:48,1992
Bay,,6/15/1992,5.1,7.8,8.0,0.4,0.8,25.0,,84.2,4:48,1992
Bay,,6/22/1992,4.7,9.0,7.5,0.45,0.68,19.0,,64.4,9:36,1992
Bay,,6/29/1992,4.5,0.8,7.5,0.4,0.8,26.0,,78.8,19:12,1992
Bay,,7/6/1992,4.3,7.5,7.5,0.45,1.0,25.0,,75.2,4:48,1992
Bay,,7/13/1992,5.1,7.3,7.5,0.35,0.95,28.5,,87.8,19:12,1992
Bay,,7/27/1992,5.1,7.6,8.0,0.35,0.95,28.0,,86.9,21:36,1992
Bay,,8/3/1992,4.5,8.0,8.0,0.3,0.85,26.0,,78.8,19:12,1992
Bay,,8/7/1992,4.7,8.0,8.0,0.33,0.6,23.0,,77.0,0:00,1992
Bay,,8/14/1992,4.7,7.1,7.5,0.4,0.95,24.5,,71.6,14:24,1992
Bay,,8/23/1992,3.9,8.5,8.0,0.4,0.8,24.5,,78.8,19:12,1992
Bay,,8/31/1992,4.3,7.7,7.5,0.3,1.0,23.0,,77.0,0:00,1992
Bay,,9/14/1992,4.8,9.2,8.0,0.38,0.38,19.5,,71.6,14:24,1992
Bay,,9/20/1992,4.3,7.6,7.5,0.35,0.8,23.5,,75.2,4:48,1992
Bay,,9/27/1992,5.4,9.8,8.0,0.25,0.45,24.0,,79.7,16:48,1992
Bay,,10/5/1992,3.9,9.2,7.5,0.1,0.15,16.0,,62.6,14:24,1992
Bay,,10/19/1992,4.1,9.8,7.5,0.1,1.0,12.0,,50.0,0:00,1992
Bay,,10/26/1992,4.2,10.6,7.0,0.3,0.63,12.5,,55.4,9:36,1992
Bay,,11/2/1992,3.4,10.6,7.5,0.35,0.65,16.5,,63.5,12:00,1992
Bay,,11/9/1992,1.7,11.3,7.5,,0.4,9.0,,50.0,0:00,1992
Bay,,11/16/1992,3.9,11.0,7.5,0.4,0.55,7.5,,41.9,21:36,1992
Bay,,11/23/1992,3.9,9.0,7.85,0.25,0.85,18.5,,70.7,16:48,1992
Bay,,11/30/1992,3.7,10.9,7.5,0.55,0.7,9.0,,46.4,9:36,1992
Bay,,12/17/1992,4.1,10.8,7.0,0.15,0.5,12.0,,59.9,21:36,1992
Bay,,12/20/1992,3.8,10.1,7.0,0.25,0.85,10.5,,50.9,21:36,1992
Bay,,12/27/1992,4.7,13.2,7.0,0.25,0.45,5.5,,41.9,21:36,1992
Bay,,1/4/1993,3.7,11.0,7.0,0.35,0.5,8.0,,60.8,19:12,1993
Bay,,1/11/1993,3.5,11.9,7.0,0.25,0.25,9.0,,44.6,14:24,1993
Bay,,1/24/1993,3.3,10.5,7.0,0.3,0.95,10.5,,58.1,2:24,1993
Bay,,2/1/1993,2.9,12.0,7.0,0.2,0.85,6.0,,49.1,2:24,1993
Bay,,2/8/1993,3.4,12.6,7.0,0.1,0.3,5.0,,41.9,21:36,1993
Bay,,2/16/1993,3.5,12.4,7.0,0.3,0.75,8.0,,53.6,14:24,1993
Bay,,2/22/1993,2.9,12.7,7.0,0.1,0.85,8.0,,59.0,0:00,1993
Bay,,3/8/1993,3.9,10.7,7.0,0.1,1.15,10.0,,56.3,7:12,1993
Bay,,3/15/1993,3.4,12.8,7.0,0.5,1.7,2.5,,34.7,16:48,1993
Bay,,3/22/1993,3.3,11.2,7.0,0.15,0.4,10.0,,51.8,19:12,1993
Bay,,3/29/1993,3.0,10.0,7.0,0.5,0.7,14.5,,54.5,12:00,1993
Bay,,4/1/1993,2.9,9.5,,0.55,3.1,17.5,,68.9,21:36,1993
Bay,,4/5/1993,2.5,10.0,7.0,0.35,0.8,10.0,,44.6,14:24,1993
Bay,,4/12/1993,2.5,9.7,7.0,0.3,1.0,15.5,,60.8,10.15,1993
Bay,,4/19/1993,3.0,10.0,7.0,0.3,1.15,14.5,,53.6,14:24,1993
Bay,,4/26/1993,3.4,8.7,7.0,0.3,1.2,19.0,,69.8,19:12,1993
Bay,,5/10/1993,3.2,8.0,7.0,0.4,0.85,21.0,,69.8,19:12,1993
Bay,,5/17/1993,3.9,8.0,7.0,0.5,1.0,24.0,,77.0,0:00,1993
Bay,,5/24/1993,2.9,9.0,7.0,0.3,0.85,20.0,,71.6,14:24,1993
Bay,,6/7/1993,3.7,,7.0,0.45,0.75,23.0,,72.5,12:00,1993
Bay,,6/14/1993,3.9,8.1,7.0,0.45,0.45,21.5,,68.9,21:36,1993
Bay,,6/21/1993,3.8,7.2,7.0,0.55,1.0,26.5,,80.6,14:24,1993
Bay,,6/28/1993,3.9,7.1,7.0,0.55,0.8,26.5,,86.0,0:00,1993
Bay,,7/5/1993,,7.4,7.5,0.55,0.8,30.0,,88.7,16:48,1993
Bay,,7/19/1993,4.2,7.3,7.5,0.45,0.75,27.0,,81.5,12:00,1993
Bay,,7/26/1993,,7.5,7.5,0.5,0.7,28.0,,85.1,2:24,1993
Bay,,8/2/1993,3.9,8.0,8.0,0.4,0.8,26.5,,86.0,0:00,1993
Bay,,8/9/1993,3.5,9.1,8.0,0.3,0.55,25.5,,79.7,16:48,1993
Bay,,9/6/1993,,7.2,,0.35,0.85,25.5,,81.5,12:00,1993
Bay,,9/13/1993,,7.8,7.0,0.2,0.75,24.0,,82.4,9:36,1993
Bay,,9/20/1993,,8.5,8.0,0.2,0.6,21.5,,74.3,7:12,1993
Bay,,9/27/1993,1.8,7.2,7.9,0.4,0.95,24.5,,76.1,2:24,1993
Bay,,10/4/1993,,9.3,8.3,0.35,0.65,19.0,,68.0,0:00,1993
Bay,,10/12/1993,1.5,8.8,7.8,0.3,0.5,16.5,,59.0,0:00,1993
Bay,,10/18/1993,1.5,8.8,7.7,0.35,0.75,18.0,,64.94,22:33,1993
Bay,,10/25/1993,1.8,10.6,8.4,0.4,0.6,15.6,,66.02,0:28,1993
Bay,,11/8/1993,1.5,8.2,7.5,0.35,0.55,9.8,,52.34,8:09,1993
Bay,,11/15/1993,1.4,9.6,7.9,0.4,0.8,17.3,,72.5,12:00,1993
Bay,,11/29/1993,1.5,9.4,7.1,0.2,0.55,12.1,,50.9,21:36,1993
Bay,,12/6/1993,1.5,9.8,7.4,0.25,0.75,10.5,,48.74,17:45,1993
Bay,,12/13/1993,1.5,13.0,7.6,0.25,0.45,1.3,,41.9,21:36,1993
Bay,,12/28/1993,1.5,12.1,7.1,0.3,0.7,3.8,,39.74,17:45,1993
Bay,,1/16/1995,3.0,8.5,7.4,0.25,0.85,13.5,,61.7,16:48,1995
Bay,,1/23/1995,3.0,10.75,7.1,0.2,0.7,4.5,,46.4,9:36,1995
Bay,,2/13/1995,3.0,12.5,6.8,0.2,0.25,2.0,,29.3,7:12,1995
Bay,,3/6/1995,2.4,9.3,7.1,0.2,0.2,9.5,,46.4,9:36,1995
Bay,,3/13/1995,2.4,9.9,6.9,0.28,0.65,11.5,,59.9,,1995
Bay,,3/20/1995,2.8,8.9,7.1,0.35,0.45,12.5,,54.5,12:00,1995
Bay,,3/27/1995,2.4,9.0,7.1,0.25,0.45,11.0,,53.6,14:24,1995
Bay,,4/3/1995,2.4,9.3,7.1,0.4,0.55,11.5,,54.5,12:00,1995
Bay,,4/10/1995,3.2,8.5,7.1,0.25,0.7,15.0,,48.2,4:48,1995
Bay,,4/18/1995,3.0,9.0,7.1,0.25,0.5,16.0,,58.1,2:24,1995
Bay,,4/24/1995,3.0,9.7,7.4,0.25,0.55,12.5,,50.0,0:00,1995
Bay,,5/1/1995,3.2,8.9,7.2,0.3,0.6,15.0,,52.7,16:48,1995
Bay,,5/15/1995,3.3,6.8,6.8,0.3,0.55,21.5,,74.3,7:12,1995
Bay,,5/22/1995,3.3,6.8,6.8,0.3,0.55,21.5,,74.3,7:12,1995
Bay,,5/29/1995,3.5,8.5,7.5,0.4,0.4,22.0,,80.6,14:24,1995
Bay,,6/5/1995,4.0,7.8,7.6,0.3,0.3,25.0,,73.4,9:36,1995
Bay,,6/12/1995,3.5,7.7,7.9,0.4,0.9,26.5,,77.9,21:36,1995
Bay,,6/19/1995,3.2,7.7,8.0,0.4,0.55,25.0,,75.2,4:48,1995
Bay,,6/26/1995,4.0,8.8,8.3,0.5,0.8,28.5,,82.4,9:36,1995
Bay,,7/3/1995,4.0,8.0,,0.45,0.8,26.0,,80.6,,1995
Bay,,7/10/1995,4.0,7.0,7.9,0.35,0.7,26.0,,79.7,16:48,1995
Bay,,7/17/1995,4.0,7.0,8.0,0.45,1.0,30.0,,84.2,4:48,1995
Bay,,7/24/1995,4.5,7.2,8.4,0.55,0.9,32.0,,92.3,7:12,1995
Bay,,7/31/1995,4.5,7.6,8.1,0.5,0.8,29.5,,84.2,4:48,1995
Bay,,8/7/1995,4.5,8.7,8.2,0.5,0.6,24.0,,71.6,14:24,1995
Bay,,8/22/1995,5.5,7.4,8.8,0.3,0.5,25.0,,81.5,12:00,1995
Bay,,8/29/1995,4.5,9.9,8.7,0.35,0.65,25.5,,78.8,,1995
Bay,,9/5/1995,4.8,10.5,9.0,0.3,0.75,26.0,,80.6,14:24,1995
Bay,,9/12/1995,4.5,10.4,9.2,0.3,0.7,24.5,,80.6,14:24,1995
Bay,,9/28/1995,4.8,9.5,8.7,0.3,0.7,21.0,,75.2,4:48,1995
Bay,,10/5/1995,4.4,9.9,7.2,0.3,0.45,15.5,,62.96,23:02,1995
Bay,,10/6/1995,5.0,8.9,8.5,0.45,1.15,24.5,,81.5,12:00,1995
Bay,,10/11/1995,2.4,8.69,7.2,0.3,0.75,17.5,,58.64,15:21,1995
Bay,,10/20/1995,2.2,9.71,7.6,0.35,0.73,15.0,,56.48,11:31,1995
Bay,,10/23/1995,4.5,11.6,9.0,0.4,0.8,18.5,,68.9,21:36,1995
Bay,,10/26/1995,2.8,8.15,6.7,0.38,0.75,19.0,,67.28,6:43,1995
Bay,,10/30/1995,4.5,9.9,8.5,0.45,0.75,14.0,,59.9,21:36,1995
Bay,,11/6/1995,4.0,11.8,8.5,0.55,0.55,9.5,,51.8,19:12,1995
Bay,,11/13/1995,4.5,11.3,8.1,0.55,0.7,9.5,,57.2,4:48,1995
Bay,,11/20/1995,4.0,11.8,8.4,0.55,0.55,8.0,,50.9,21:36,1995
Bay,,11/27/1995,4.0,9.5,8.1,0.75,0.75,10.0,,48.2,4:48,1995
Bay,,12/11/1995,,,,,,,,28.4,9:36,1995
Bay,,1/22/1996,4.0,11.7,7.4,0.4,0.55,4.0,,39.2,4:48,1996
Bay,,1/29/1996,3.5,11.2,7.2,0.35,0.65,4.0,,42.8,19:12,1996
Bay,,2/12/1996,3.5,10.8,7.1,0.35,0.6,5.0,,44.6,14:24,1996
Bay,,2/26/1996,3.0,8.7,7.1,0.2,0.75,10.5,,60.8,19:12,1996
Bay,,3/4/1996,3.0,11.5,7.4,0.3,0.45,3.5,,38.3,7:12,1996
Bay,,3/11/1996,,,,0.05,0.05,,,38.3,7:12,1996
Bay,,3/18/1996,3.0,10.1,7.0,0.4,0.45,7.5,,44.6,14:24,1996
Bay,,3/25/1996,3.0,10.0,7.2,0.35,0.7,10.0,,61.7,,1996
Bay,,4/8/1996,3.0,10.7,7.3,0.35,0.55,8.0,,42.8,19:12,1996
Bay,,4/22/1996,3.0,9.2,8.2,0.4,0.95,21.0,,71.6,14:24,1996
Bay,,4/29/1996,3.0,8.9,8.0,0.45,0.85,18.0,,69.8,19:12,1996
Bay,,5/13/1996,3.0,9.2,8.1,0.3,0.7,17.0,,57.2,4:48,1996
Bay,,5/20/1996,3.0,9.0,8.8,0.4,0.75,28.0,,86.0,,1996
Bay,,5/27/1996,3.0,9.6,8.6,0.25,0.6,19.0,,63.5,12:00,1996
Bay,,6/3/1996,3.0,8.7,8.5,0.35,0.5,17.0,,59.9,21:36,1996
Bay,,6/10/1996,3.0,8.0,8.1,0.45,1.02,24.0,,67.1,2:24,1996
Bay,,6/17/1996,3.0,8.8,8.4,0.45,0.75,27.0,,77.0,0:00,1996
Bay,,6/24/1996,3.0,8.0,8.6,0.55,0.8,26.5,,77.0,0:00,1996
Bay,,8/2/1996,2.5,6.4,7.3,0.4,0.8,26.0,,,0:00,1996
Bay,,8/11/1996,3.1,,7.6,0.3,0.4,28.5,,,12:00,1996
Bay,,8/18/1996,3.0,4.65,7.3,0.3,0.68,27.5,,,12:00,1996
Bay,,9/1/1996,2.8,2.0,7.4,0.28,0.4,25.0,,,0:00,1996
Bay,,9/15/1996,3.0,2.0,,0.3,0.8,23.5,,,12:00,1996
Bay,,9/22/1996,3.1,2.0,7.4,0.4,0.9,22.0,,,0:00,1996
Bay,,9/28/1996,3.2,1.7,7.5,0.43,0.88,23.0,,,0:00,1996
Bay,,10/5/1996,4.4,9.9,7.2,0.3,0.45,15.5,,62.96,23:02,1996
Bay,,10/11/1996,2.4,8.69,7.2,0.3,0.75,17.5,,58.64,15:21,1996
Bay,,10/20/1996,2.2,9.71,7.6,0.35,0.73,15.0,,56.48,11:31,1996
Bay,,10/26/1996,2.8,8.15,6.7,0.38,0.75,19.0,,67.28,6:43,1996
Bay,,11/3/1996,2.0,6.5,6.8,0.48,0.58,10.1,,48.74,17:45,1996
Bay,,11/12/1996,1.9,11.43,7.1,0.45,0.55,6.2,,41.414,9:56,1996
Bay,,11/17/1996,1.8,11.8,6.8,0.28,0.3,9.1,,51.44,10:33,1996
Bay,,12/1/1996,1.9,10.9,6.9,0.4,0.6,11.0,,63.5,12:00,1996
Bay,,12/8/1996,1.6,11.2,6.9,0.4,0.65,9.1,,51.08,1:55,1996
Bay,,12/21/1996,1.8,12.25,6.9,0.31,0.61,5.21,,38.3,7:12,1996
Bay,,1/5/1997,2.0,9.2,6.7,0.2,0.7,13.5,,63.32,7:40,1997
Bay,,1/19/1997,1.3,13.3,7.0,0.3,0.3,0.0,,,0:00,1997
Bay,,2/1/1997,1.5,10.9,6.6,2.5,3.5,10.1,,62.06,1:26,1997
Bay,,2/15/1997,1.3,10.55,6.6,0.3,0.6,8.2,,41.0,0:00,1997
Bay,,3/3/1997,1.8,9.45,6.9,0.3,0.54,14.1,,48.02,0:28,1997
Bay,,3/15/1997,1.2,10.2,6.5,0.2,0.52,13.2,,47.66,15:50,1997
Bay,,4/13/1997,1.2,9.8,6.9,0.28,0.74,17.1,,68.18,4:19,1997
Bay,,4/19/1997,1.3,10.8,6.7,0.2,0.49,11.0,,59.54,12:57,1997
Bay,,4/26/1997,1.1,10.1,6.8,0.25,0.55,15.5,,59.36,8:38,1997
Bay,,5/4/1997,1.1,9.73,6.5,0.3,0.88,18.0,,61.52,12:28,1997
Bay,,5/12/1997,1.5,9.5,7.3,0.3,0.67,21.0,,,0:00,1997
Bay,,5/16/1997,1.3,10.2,6.6,0.35,0.7,20.5,,68.36,8:38,1997
Bay,,5/24/1997,1.6,9.9,7.5,0.38,0.5,23.0,,72.14,3:21,1997
Bay,,5/30/1997,1.6,9.5,8.0,,0.2,23.0,,,0:00,1997
Bay,,6/8/1997,1.0,10.5,6.3,0.1,0.15,18.0,,61.7,16:48,1997
Bay,,6/21/1997,1.5,7.5,6.5,0.4,0.7,26.5,,84.02,0:28,1997
Bay,,6/27/1997,1.5,8.5,8.0,0.5,0.62,29.0,,78.4,9:36,1997
Bay,,7/6/1997,1.5,7.6,6.8,0.48,0.68,27.0,,76.46,11:02,1997
Bay,,7/12/1997,1.5,8.55,6.4,0.4,0.4,27.0,,80.06,1:26,1997
Bay,,7/20/1997,1.6,8.7,7.4,0.39,0.58,27.5,,83.48,11:31,1997
Bay,,7/27/1997,1.5,9.7,7.8,0.38,0.69,27.0,,86.72,17:16,1997
Bay,,7/29/1997,1.5,8.1,8.0,0.4,0.65,28.0,,82.0,0:00,1997
Bay,,8/9/1997,1.7,9.8,8.6,0.38,0.5,27.5,,78.62,14:52,1997
Bay,,8/15/1997,1.7,7.7,8.2,0.45,0.63,8.4,,82.6,14:24,1997
Bay,,8/22/1997,1.7,9.0,8.2,0.38,0.67,25.5,,77.7,16:48,1997
Bay,,8/30/1997,1.8,9.6,8.1,0.32,0.45,26.0,,78.98,23:31,1997
Bay,,9/14/1997,1.9,9.6,7.9,0.21,0.61,24.0,,78.62,14:52,1997
Bay,,10/5/1997,1.9,10.25,8.2,0.28,0.65,21.6,,74.12,2:52,1997
Bay,,10/26/1997,,9.6,7.5,0.35,0.61,,,62.6,14:24,1997
Bay,,11/9/1997,1.8,10.6,6.5,0.35,0.65,12.0,,51.62,14:52,1997
Bay,,12/6/1997,1.5,14.3,6.9,0.3,0.45,6.0,,40.1,2:24,1997
Bay,,1/4/1998,1.5,12.3,6.4,0.25,0.5,8.9,,57.2,4:48,1998
Bay,,1/25/1998,1.2,12.5,6.5,0.3,0.6,8.1,,45.86,20:38,1998
Bay,,2/22/1998,1.1,10.7,6.3,0.25,0.75,10.5,,,12:00,1998
Bay,,3/22/1998,1.0,11.1,6.4,0.25,0.71,11.0,,48.74,17:45,1998
Bay,,4/19/1998,1.0,10.8,6.9,0.3,0.78,17.0,,,0:00,1998
Bay,,5/2/1998,1.0,10.9,8.2,0.35,0.78,21.5,,72.5,12:00,1998
Bay,,5/17/1998,1.1,9.3,6.8,0.25,0.48,23.5,,80.78,18:43,1998
Bay,,6/7/1998,1.1,10.0,7.2,0.4,0.5,22.9,,,21:36,1998
Bay,,6/14/1998,0.9,9.7,6.8,0.4,0.65,26.0,,79.88,21:07,1998
Bay,,7/5/1998,1.0,8.4,6.9,0.32,0.65,26.0,,82.04,0:57,1998
Bay,,7/25/1998,0.9,8.6,7.3,0.4,0.65,29.0,,81.32,7:40,1998
Bay,,8/23/1998,1.0,11.0,8.8,0.3,0.62,28.0,,85.1,2:24,1998
Bay,,9/12/1998,0.9,10.8,8.5,0.28,0.66,25.0,,87.1,2:24,1998
Bay,,11/2/1998,1.1,10.0,6.9,0.3,0.35,14.0,,58.28,6:43,1998
Bay,,11/21/1998,1.0,10.9,7.3,0.3,0.48,15.0,,57.56,13:26,1998
A,,8/11/1999,3.0,2.6,7.7,0.6,0.6,26.0,,80.96,23:02,1999
A,,8/18/1999,3.0,1.6,8.7,,,31.0,,91.4,9:36,1999
A,,9/8/1999,1.8,1.35,8.2,0.4,1.0,28.0,,76.6,14:24,1999
A,,10/15/1999,0.1,5.65,7.3,0.6,0.8,20.0,,,0:00,1999
A,,11/10/1999,0.0,6.7,7.6,0.65,0.95,18.0,,,0:00,1999
A,,12/16/1999,,4.7,8.2,0.6,0.8,,,52.0,0:00,1999
A,,12/30/1999,1.0,7.8,6.9,0.65,0.85,8.0,,42.8,19:12,1999
B,,8/11/1999,2.5,3.1,8.1,0.25,0.25,27.0,,80.96,23:02,1999
B,,8/18/1999,3.0,2.2,8.9,,,30.0,,87.8,19:12,1999
B,,9/8/1999,0.9,3.6,8.2,0.3,0.3,32.0,,,0:00,1999
B,,10/15/1999,1.0,4.7,7.0,0.3,0.3,17.0,,,0:00,1999
B,,10/27/1999,,,7.7,0.25,0.25,,,72.0,0:00,1999
B,,11/10/1999,1.0,6.3,7.4,0.4,0.4,16.0,,,0:00,1999
B,,12/16/1999,,3.25,7.9,0.21,0.21,,,51.0,0:00,1999
B,,12/30/1999,0.2,6.1,6.9,0.25,0.25,7.0,,41.0,0:00,1999
C,,8/11/1999,3.0,1.9,8.5,0.5,0.5,27.0,,84.2,4:48,1999
C,,8/18/1999,0.1,1.9,8.8,,,27.0,,82.4,9:36,1999
C,,9/8/1999,1.0,2.4,8.0,5.8,5.8,34.0,,,0:00,1999
C,,9/22/1999,1.0,3.7,7.8,0.8,0.8,18.0,,60.0,0:00,1999
C,,10/15/1999,0.1,5.5,6.6,0.55,0.55,19.0,,,0:00,1999
C,,10/27/1999,0.0,3.7,7.7,0.55,0.55,43.0,,72.0,0:00,1999
C,,11/10/1999,0.2,10.0,7.8,0.6,0.6,17.0,,,0:00,1999
C,,12/16/1999,,4.3,7.9,0.7,0.7,,,50.0,0:00,1999
C,,12/30/1999,0.1,7.3,6.9,0.7,0.7,5.0,,41.0,0:00,1999
D,,8/11/1999,0.2,2.5,8.6,0.63,1.25,27.0,,85.46,11:02,1999
D,,8/18/1999,3.0,2.8,8.0,,,28.0,,87.8,,1999
D,,9/8/1999,0.0,1.5,7.4,1.75,1.85,34.5,,,12:00,1999
D,,9/22/1999,0.0,1.9,7.6,0.5,1.65,18.0,,,0:00,1999
D,,10/15/1999,0.0,3.25,7.3,0.55,1.55,17.0,,,0:00,1999
D,,10/27/1999,0.4,3.4,7.4,0.95,1.35,42.5,,72.0,0:00,1999
D,,11/10/1999,0.0,6.5,8.0,1.05,1.5,15.0,,60.0,0:00,1999
D,,11/30/1999,0.0,6.45,8.8,1.15,1.35,,,37.2,4:48,1999
D,,12/16/1999,0.0,7.8,8.9,0.8,1.4,11.0,,49.0,0:00,1999
D,,12/30/1999,0.0,8.25,8.0,1.1,1.4,5.0,,41.0,0:00,1999
Bay,,1/9/1999,1.2,11.2,7.2,0.28,0.5,9.0,,58.82,19:40,1999
Bay,,1/23/1999,1.1,11.2,6.7,0.28,0.6,15.0,,,0:00,1999
Bay,,8/5/1999,1.8,1.8,9.5,0.35,0.35,27.0,,,0:00,1999
Bay,,8/11/1999,3.0,7.0,9.2,0.4,0.65,28.0,,86.54,12:57,1999
Bay,,8/18/1999,3.0,3.0,9.1,,,29.0,,87.8,19:12,1999
Bay,,9/8/1999,2.2,1.9,8.5,0.9,0.95,28.0,,76.6,14:24,1999
Bay,,10/15/1999,2.0,4.8,5.7,0.42,0.5,16.0,,65.0,0:00,1999
Bay,,10/27/1999,0.3,4.3,8.6,0.5,0.5,24.5,,,,1999
Bay,,11/10/1999,1.0,7.5,8.1,5.5,5.5,14.0,,60.0,0:00,1999
Bay,,12/16/1999,1.0,8.7,9.1,0.5,0.85,11.0,,48.0,0:00,1999
Bay,,12/30/1999,0.1,6.1,7.0,0.25,0.45,5.0,,41.0,0:00,1999
A,,2/17/2000,0.08,,8.0,0.95,1.05,9.0,,43.0,0:00,2000
A,,2/29/2000,1.5,5.0,8.1,0.9,1.1,15.0,,58.0,0:00,2000
A,,3/13/2000,1.0,,7.5,0.85,0.88,14.0,,48.0,0:00,2000
A,,4/3/2000,1.0,,7.0,0.55,1.05,19.0,,,0:00,2000
A,,5/1/2000,0.5,3.6,7.1,0.9,1.0,23.0,,75.0,0:00,2000
A,,5/15/2000,1.0,6.4,8.2,0.85,0.9,27.0,,71.0,0:00,2000
A,,5/30/2000,0.5,,7.8,0.65,0.65,15.0,,58.0,0:00,2000
A,,6/13/2000,1.0,,8.0,0.45,0.55,27.0,,72.0,0:00,2000
A,,6/26/2000,1.0,5.5,8.0,0.55,0.55,30.5,,84.2,,2000
A,,7/11/2000,0.8,,8.1,0.37,0.8,31.0,,80.6,14:24,2000
A,,7/24/2000,0.05,6.1,8.0,0.55,0.55,25.0,,78.0,0:00,2000
A,,8/10/2000,0.0,,6.4,0.65,0.65,29.0,,83.0,0:00,2000
A,,8/22/2000,0.0,5.2,7.5,0.65,0.65,25.0,,72.0,0:00,2000
A,,9/6/2000,0.0,,8.0,0.9,0.9,21.0,,72.0,0:00,2000
A,,9/18/2000,0.0,5.8,,0.4,0.75,22.0,,70.0,0:00,2000
A,,10/4/2000,1.1,8.7,8.3,0.55,0.7,35.0,,84.0,0:00,2000
A,,10/26/2000,1.0,,8.7,0.63,0.63,21.0,,67.0,0:00,2000
A,,11/1/2000,0.0,9.75,8.2,0.65,0.65,16.0,,58.0,0:00,2000
A,,11/14/2000,1.0,,7.5,0.5,0.75,13.0,,55.0,0:00,2000
A,,12/11/2000,1.0,,8.0,0.75,0.75,7.5,,45.0,0:00,2000
A,,12/18/2000,1.0,9.9,8.2,0.7,0.7,9.0,,44.0,0:00,2000
B,,2/2/2000,1.0,6.4,7.1,0.35,0.35,5.0,,46.0,0:00,2000
B,,2/17/2000,1.2,,7.8,0.4,0.4,10.0,,43.0,0:00,2000
B,,2/29/2000,1.2,,7.8,0.37,0.37,14.0,,58.0,0:00,2000
B,,3/13/2000,1.5,10.0,7.8,0.3,0.3,12.5,,48.0,0:00,2000
B,,4/3/2000,1.5,,7.0,0.35,0.35,21.0,,,0:00,2000
B,,5/1/2000,1.0,3.5,7.5,0.15,0.15,25.5,,75.0,0:00,2000
B,,5/15/2000,1.5,7.6,9.7,4.0,4.5,30.0,,71.0,0:00,2000
B,,5/30/2000,1.0,,8.0,0.2,0.2,15.0,,58.0,0:00,2000
B,,6/13/2000,1.0,,8.6,0.15,0.4,27.0,,72.0,0:00,2000
B,,6/26/2000,1.0,8.3,8.8,0.05,0.1,30.0,,82.4,9:36,2000
B,,7/11/2000,1.0,,7.6,0.15,0.15,31.0,,87.8,19:12,2000
B,,7/24/2000,1.0,1.8,7.5,0.0,0.15,24.0,,78.0,0:00,2000
B,,8/10/2000,1.0,,6.3,0.23,0.23,29.0,,83.0,0:00,2000
B,,8/22/2000,0.0,2.4,7.8,0.35,0.35,22.0,,71.0,0:00,2000
B,,9/6/2000,0.0,,7.9,0.45,0.45,21.0,,72.0,0:00,2000
B,,9/18/2000,0.8,7.6,7.9,0.1,0.1,20.0,,70.0,0:00,2000
B,,10/4/2000,1.0,8.5,8.5,0.1,0.1,30.0,,84.0,0:00,2000
B,,10/26/2000,2.0,,8.7,0.1,0.25,22.0,,67.0,0:00,2000
B,,11/1/2000,1.0,5.5,8.1,0.1,0.11,14.0,,58.0,0:00,2000
B,,11/14/2000,1.5,,7.8,0.35,0.35,14.0,,55.0,0:00,2000
B,,12/11/2000,1.5,,7.8,0.3,0.65,8.0,,45.0,0:00,2000
B,,12/18/2000,1.5,7.2,7.9,0.2,0.4,7.5,,43.4,9:36,2000
C,,2/2/2000,1.0,5.9,6.9,0.65,0.81,4.0,,45.0,0:00,2000
C,,2/17/2000,1.0,,7.6,0.85,0.85,9.9,,43.0,0:00,2000
C,,2/29/2000,0.9,,7.9,0.85,0.85,16.0,,60.0,0:00,2000
C,,3/13/2000,1.0,,8.6,0.7,0.83,14.0,,45.0,0:00,2000
C,,4/3/2000,1.0,,8.4,0.7,0.9,21.0,,,0:00,2000
C,,5/1/2000,0.5,,7.8,0.6,0.6,,,75.0,0:00,2000
C,,5/15/2000,1.0,,9.3,0.4,0.45,27.0,,71.0,0:00,2000
C,,5/30/2000,0.5,7.9,8.0,0.5,0.5,15.0,,58.0,0:00,2000
C,,6/13/2000,1.0,8.2,9.5,0.4,0.4,28.0,,73.0,0:00,2000
C,,6/26/2000,1.0,,8.8,0.5,0.5,29.0,,82.4,9:36,2000
C,,7/11/2000,0.01,5.7,8.2,0.5,0.5,32.0,,80.6,14:24,2000
C,,7/24/2000,0.5,,8.0,0.45,0.45,25.0,,78.0,0:00,2000
C,,8/10/2000,0.0,6.3,6.7,0.6,0.6,29.0,,83.0,0:00,2000
C,,8/22/2000,0.0,,8.3,0.5,0.5,24.0,,71.0,0:00,2000
C,,9/6/2000,0.0,6.3,8.1,0.55,0.55,21.0,,72.0,0:00,2000
C,,9/18/2000,0.0,,8.1,0.35,0.35,21.0,,68.0,0:00,2000
C,,10/4/2000,1.5,,8.1,0.35,0.35,26.0,,83.0,0:00,2000
C,,10/26/2000,0.5,6.2,8.4,0.25,0.25,21.5,,67.0,0:00,2000
C,,11/1/2000,1.0,,8.3,0.4,0.4,15.0,,58.0,0:00,2000
C,,11/14/2000,1.0,6.0,7.4,0.3,0.3,13.0,,55.0,0:00,2000
C,,12/11/2000,1.0,6.5,8.1,0.1,0.1,7.5,,45.0,0:00,2000
C,,12/18/2000,1.0,,7.9,0.35,0.35,11.0,,43.4,9:36,2000
D,,2/2/2000,0.0,7.1,7.2,1.4,1.4,4.0,,45.0,0:00,2000
D,,2/17/2000,0.0,,8.5,1.45,1.45,9.5,,43.0,0:00,2000
D,,2/29/2000,0.0,6.9,7.0,0.9,0.95,14.0,,62.0,0:00,2000
D,,3/13/2000,0.0,,8.4,0.85,0.95,14.0,,45.0,0:00,2000
D,,4/3/2000,0.0,7.4,8.6,1.1,1.35,20.0,,,0:00,2000
D,,5/1/2000,0.0,,7.6,1.1,1.6,19.5,,75.0,0:00,2000
D,,5/15/2000,0.0,,8.3,0.65,1.55,27.0,,71.0,0:00,2000
D,,5/30/2000,0.0,6.3,8.2,0.1,1.6,15.0,,50.0,0:00,2000
D,,6/13/2000,0.0,6.3,7.7,0.75,1.4,,,78.8,19:12,2000
D,,6/26/2000,0.0,,8.2,0.8,1.6,29.0,,80.6,14:24,2000
D,,7/11/2000,0.0,4.4,8.6,0.65,1.6,27.0,,78.8,19:12,2000
D,,7/24/2000,0.0,,8.1,0.7,0.85,25.0,,78.0,0:00,2000
D,,8/10/2000,0.0,4.1,5.6,0.65,1.6,28.0,,83.0,0:00,2000
D,,8/22/2000,0.0,,8.3,0.6,1.5,24.0,,71.0,0:00,2000
D,,9/6/2000,0.0,5.0,8.5,0.7,1.65,21.0,,71.6,14:24,2000
D,,9/18/2000,0.0,,8.6,0.6,1.52,20.0,,68.0,0:00,2000
D,,10/4/2000,1.0,,8.6,0.8,1.8,27.0,,83.0,0:00,2000
D,,10/26/2000,0.0,8.5,8.8,0.7,1.05,19.5,,66.0,0:00,2000
D,,11/1/2000,0.0,,8.8,1.2,1.4,14.5,,58.0,0:00,2000
D,,11/14/2000,0.0,6.2,9.0,0.7,1.4,13.0,,55.0,0:00,2000
D,,12/11/2000,0.0,10.0,9.3,1.1,1.3,7.0,,45.0,0:00,2000
D,,12/18/2000,0.0,,8.8,1.05,1.45,10.0,,43.2,4:48,2000
Bay,,2/2/2000,1.5,6.1,7.2,0.05,0.4,3.0,,43.0,0:00,2000
Bay,,2/17/2000,1.0,,7.5,0.15,0.35,10.0,,43.0,0:00,2000
Bay,,2/29/2000,1.2,9.0,7.0,0.25,0.35,,,17.0,0:00,2000
Bay,,3/13/2000,1.5,9.75,8.6,0.45,0.5,12.0,,45.0,0:00,2000
Bay,,4/3/2000,1.5,7.6,9.1,0.3,0.7,18.0,,,0:00,2000
Bay,,5/1/2000,1.0,4.1,7.9,0.3,0.65,19.5,,75.0,0:00,2000
Bay,,5/15/2000,1.2,8.0,8.7,0.4,0.45,23.0,,71.0,0:00,2000
Bay,,5/30/2000,,,,,,,,57.9,,2000
Bay,,6/13/2000,1.5,7.3,8.4,0.4,0.64,26.0,,73.7,16:48,2000
Bay,,6/26/2000,1.5,7.0,8.5,0.5,0.85,26.0,,83.0,0:00,2000
Bay,,7/11/2000,1.0,5.0,8.6,0.4,0.8,27.0,,77.0,0:00,2000
Bay,,7/24/2000,1.0,6.4,8.2,0.4,0.55,25.0,,78.0,0:00,2000
Bay,,8/10/2000,1.5,6.0,8.1,0.6,0.68,28.0,,83.0,0:00,2000
Bay,,8/22/2000,1.0,7.1,8.7,0.3,0.45,22.0,,71.0,0:00,2000
Bay,,9/6/2000,1.0,5.2,8.6,0.2,0.45,20.0,,72.0,0:00,2000
Bay,,9/18/2000,1.0,5.5,,0.35,0.55,20.0,,67.0,0:00,2000
Bay,,10/4/2000,0.8,7.3,8.6,0.3,0.7,27.0,,83.0,0:00,2000
Bay,,10/26/2000,1.0,5.3,8.8,0.26,0.35,19.5,,66.0,0:00,2000
Bay,,11/1/2000,1.0,4.8,9.2,0.3,0.3,16.0,,57.7,16:48,2000
Bay,,11/14/2000,1.0,7.8,9.9,0.4,0.6,13.0,,55.0,0:00,2000
Bay,,12/11/2000,1.0,10.0,,0.3,0.5,7.5,,45.0,0:00,2000
Bay,,12/18/2000,1.0,9.4,8.8,0.16,,9.5,,43.2,4:48,2000
A,,1/8/2001,1.0,,7.9,0.8,0.8,5.0,,44.0,0:00,2001
A,,1/23/2001,1.0,5.7,8.4,0.7,0.7,5.0,,38.8,19:12,2001
A,,2/6/2001,1.0,,8.0,0.8,0.8,11.0,,52.0,0:00,2001
A,,2/20/2001,1.0,8.1,7.8,0.75,0.75,10.0,,62.0,0:00,2001
A,,3/15/2001,0.5,7.7,8.0,0.65,0.85,13.5,,52.0,0:00,2001
A,,3/26/2001,1.0,,7.4,0.85,0.85,10.0,,41.0,0:00,2001
A,,4/9/2001,1.0,6.8,,0.6,0.95,22.0,,72.0,0:00,2001
A,,4/24/2001,1.0,,8.4,0.8,0.8,21.0,,72.0,0:00,2001
A,,5/8/2001,1.0,2.5,9.1,0.2,0.65,22.0,,65.0,0:00,2001
A,,5/22/2001,3.0,,8.2,0.45,0.8,24.0,,74.0,0:00,2001
A,,6/5/2001,1.0,5.5,8.7,0.8,0.8,24.0,,71.0,0:00,2001
A,,6/18/2001,1.0,,8.6,0.75,0.75,28.0,,78.0,0:00,2001
A,,7/5/2001,3.0,4.2,8.3,0.4,0.65,27.0,,76.0,0:00,2001
A,,7/20/2001,1.5,4.9,9.2,0.5,0.5,26.0,,72.0,0:00,2001
A,,8/8/2001,3.0,4.5,8.5,0.35,1.1,30.0,,88.0,0:00,2001
A,,8/20/2001,3.3,,7.9,0.4,1.3,27.5,,80.0,0:00,2001
A,,9/5/2001,3.0,3.0,0.3,0.35,1.1,26.0,,76.0,0:00,2001
A,,9/18/2001,2.0,3.6,8.9,0.65,0.9,24.0,,77.0,0:00,2001
A,,10/2/2001,2.0,,7.8,0.5,1.1,21.0,,73.0,0:00,2001
A,,10/22/2001,3.0,3.8,8.4,0.6,0.85,19.0,,70.0,0:00,2001
A,,11/6/2001,3.0,4.9,8.2,0.6,0.8,14.0,,52.9,21:36,2001
A,,11/20/2001,4.0,6.3,,0.2,0.85,12.0,,52.0,0:00,2001
A,,12/4/2001,,6.3,8.1,0.5,1.0,18.0,,55.0,0:00,2001
B,,1/8/2001,2.0,,7.9,0.42,0.42,6.0,,44.0,0:00,2001
B,,1/23/2001,1.0,7.8,8.0,0.3,0.3,6.0,,38.8,19:12,2001
B,,2/6/2001,1.5,,7.8,0.25,0.25,10.0,,52.0,0:00,2001
B,,2/20/2001,1.5,9.3,7.7,0.4,0.4,12.0,,62.0,0:00,2001
B,,3/15/2001,,8.1,7.8,0.4,0.4,,,52.0,0:00,2001
B,,3/26/2001,1.5,,7.7,0.6,0.6,9.0,,41.0,0:00,2001
B,,4/9/2001,1.5,6.5,,0.3,0.3,27.0,,72.0,0:00,2001
B,,4/24/2001,2.0,,8.0,0.2,0.2,22.0,,72.0,0:00,2001
B,,5/8/2001,2.0,3.0,8.7,0.01,0.01,25.0,,65.0,0:00,2001
B,,5/22/2001,3.0,,8.3,0.1,0.1,26.0,,74.0,0:00,2001
B,,6/5/2001,2.0,4.1,8.5,0.1,0.1,24.0,,71.0,0:00,2001
B,,6/18/2001,2.0,,8.3,0.1,0.1,29.0,,78.0,0:00,2001
B,,7/5/2001,3.0,3.9,8.1,0.23,0.23,,,75.0,0:00,2001
B,,7/20/2001,,,,,,,,73.0,0:00,2001
B,,8/8/2001,3.0,2.3,8.3,0.2,0.2,30.0,,84.0,0:00,2001
B,,8/20/2001,3.0,,7.7,0.3,0.3,27.0,,80.0,0:00,2001
B,,9/5/2001,2.5,0.0,7.8,0.1,0.25,25.0,,76.0,0:00,2001
B,,9/18/2001,3.0,1.5,8.5,0.25,0.35,23.0,,78.0,0:00,2001
B,,10/2/2001,3.0,,7.7,0.3,0.3,23.0,,73.0,0:00,2001
B,,10/22/2001,3.0,2.6,8.2,0.2,0.2,20.0,,69.0,0:00,2001
B,,11/6/2001,3.5,4.2,8.3,0.2,0.2,13.0,,52.9,21:36,2001
B,,11/20/2001,3.0,5.3,,0.1,0.3,13.0,,52.0,0:00,2001
B,,12/4/2001,,5.9,8.2,0.15,0.2,16.0,,55.0,0:00,2001
C,,1/8/2001,1.0,5.9,8.3,0.55,0.55,5.0,,43.0,,2001
C,,1/23/2001,1.0,,8.3,0.6,0.6,4.0,,38.8,19:12,2001
C,,2/6/2001,1.0,6.0,7.9,0.6,0.6,10.0,,52.0,0:00,2001
C,,2/20/2001,1.0,,7.7,0.55,0.55,12.0,,62.0,0:00,2001
C,,3/15/2001,1.0,,7.8,0.3,0.6,13.0,,52.0,0:00,2001
C,,3/26/2001,1.0,9.9,8.3,0.6,0.6,9.0,,41.0,0:00,2001
C,,4/9/2001,1.0,,,0.55,0.55,23.0,,70.0,0:00,2001
C,,4/24/2001,1.0,4.8,8.1,0.4,0.4,23.0,,73.0,0:00,2001
C,,5/8/2001,1.0,,8.5,0.4,0.4,19.5,,64.0,0:00,2001
C,,5/22/2001,3.0,2.5,7.6,0.32,0.32,24.0,,72.0,0:00,2001
C,,6/5/2001,2.0,,8.3,0.3,0.3,23.0,,71.0,0:00,2001
C,,6/18/2001,2.0,4.0,8.4,0.3,0.3,27.0,,77.0,0:00,2001
C,,7/5/2001,2.5,,7.9,0.25,0.25,26.0,,75.0,0:00,2001
C,,7/20/2001,,,,,,,,,0:02,2001
C,,8/8/2001,3.0,,8.5,0.25,0.25,31.0,,82.0,0:00,2001
C,,8/20/2001,2.5,5.5,7.9,0.3,0.3,28.0,,80.0,0:00,2001
C,,9/5/2001,3.0,,7.9,0.2,0.2,25.0,,76.0,0:00,2001
C,,9/18/2001,2.0,,8.7,0.2,0.2,24.0,,78.0,0:00,2001
C,,10/2/2001,3.0,6.1,8.3,0.25,0.25,23.0,,73.0,0:00,2001
C,,10/22/2001,3.0,,8.2,0.25,0.25,20.0,,68.0,0:00,2001
C,,11/6/2001,3.0,,8.3,0.3,0.3,13.0,,52.9,21:36,2001
C,,11/20/2001,3.0,,,0.2,0.2,13.0,,52.0,0:00,2001
C,,12/4/2001,,,8.3,0.15,0.15,19.0,,54.7,16:48,2001
D,,1/8/2001,0.0,9.7,8.8,1.0,1.25,6.0,,43.0,0:00,2001
D,,1/23/2001,0.0,,9.2,1.1,1.35,5.0,,38.8,19:12,2001
D,,2/6/2001,0.0,8.4,8.7,1.1,1.4,10.0,,52.0,0:00,2001
D,,2/20/2001,0.0,,8.6,0.65,0.95,14.0,,62.0,0:00,2001
D,,3/15/2001,0.0,,8.7,0.6,1.4,13.0,,52.0,0:00,2001
D,,3/26/2001,0.0,9.6,9.0,0.7,1.5,10.0,,41.0,0:00,2001
D,,4/9/2001,0.0,,,0.65,1.1,22.0,,70.0,0:00,2001
D,,4/24/2001,0.0,4.1,9.3,0.8,1.4,19.5,,72.0,0:00,2001
D,,5/8/2001,0.0,,8.7,0.7,1.3,19.5,,64.0,0:00,2001
D,,5/22/2001,0.0,4.9,8.1,0.7,1.2,23.0,,71.0,0:00,2001
D,,6/5/2001,0.0,,9.1,0.6,1.25,23.0,,71.0,0:00,2001
D,,6/18/2001,0.0,5.5,8.7,0.5,0.9,26.0,,77.0,0:00,2001
D,,7/5/2001,0.0,,8.9,0.4,1.3,26.5,,75.0,0:00,2001
D,,7/20/2001,0.0,,9.3,0.05,1.1,24.0,,73.0,0:00,2001
D,,8/8/2001,0.0,,9.3,0.5,1.05,31.0,,82.0,0:00,2001
D,,8/20/2001,0.0,4.3,8.9,0.2,1.4,27.0,,80.0,0:00,2001
D,,9/5/2001,0.0,,8.5,0.6,1.2,25.0,,76.0,0:00,2001
D,,9/18/2001,0.0,,8.9,0.85,1.0,23.0,,78.0,0:00,2001
D,,10/2/2001,0.0,3.9,8.7,0.7,1.1,19.0,,73.0,0:00,2001
D,,10/22/2001,0.0,,8.8,0.8,1.25,21.0,,,0:00,2001
D,,11/6/2001,0.0,,9.1,1.0,1.0,11.5,,52.9,21:36,2001
D,,11/20/2001,0.0,,,0.9,0.95,14.0,,52.0,0:00,2001
D,,12/4/2001,,,9.1,0.9,1.0,18.0,,54.7,16:48,2001
Bay,,1/8/2001,1.0,8.1,9.2,0.36,0.36,7.0,,43.0,0:00,2001
Bay,,1/23/2001,1.0,9.0,9.3,0.1,0.1,8.0,,38.3,7:12,2001
Bay,,2/6/2001,1.0,8.5,8.8,0.23,0.33,11.0,,51.0,0:00,2001
Bay,,2/20/2001,1.0,9.2,9.1,0.2,0.35,11.0,,61.5,12:00,2001
Bay,,3/15/2001,1.2,9.25,9.2,0.35,0.6,14.0,,51.8,19:12,2001
Bay,,3/26/2001,1.0,9.9,9.4,0.25,0.45,10.0,,41.7,16:48,2001
Bay,,4/9/2001,1.0,8.25,,0.3,0.65,21.0,,69.0,,2001
Bay,,4/24/2001,2.0,6.4,9.3,0.3,0.8,20.0,,71.0,0:00,2001
Bay,,5/8/2001,2.0,5.0,8.6,0.15,0.15,21.0,,64.0,0:00,2001
Bay,,5/22/2001,1.0,7.8,8.8,0.4,0.8,20.0,,70.0,0:00,2001
Bay,,6/5/2001,2.0,4.35,9.2,0.4,0.4,23.0,,70.9,21:36,2001
Bay,,6/18/2001,2.0,5.1,8.6,0.4,0.4,25.0,,77.0,0:00,2001
Bay,,7/5/2001,3.5,5.4,8.7,0.25,0.75,26.0,,75.0,0:00,2001
Bay,,7/20/2001,3.0,7.2,9.8,0.3,0.3,23.0,,72.0,0:00,2001
Bay,,8/8/2001,3.0,4.1,9.1,0.4,0.7,30.0,,80.0,0:00,2001
Bay,,8/20/2001,3.0,4.9,8.7,0.3,0.85,26.0,,79.3,7:12,2001
Bay,,9/5/2001,3.0,4.0,8.5,0.35,0.55,25.0,,76.0,0:00,2001
Bay,,9/18/2001,3.5,4.6,7.7,0.15,0.15,23.0,,78.0,0:00,2001
Bay,,10/2/2001,3.0,4.2,,0.15,0.15,22.0,,72.9,21:36,2001
Bay,,10/22/2001,3.0,4.6,8.6,0.6,0.6,19.0,,67.3,7:12,2001
Bay,,11/6/2001,3.0,5.5,9.5,0.25,0.25,13.0,,52.9,21:36,2001
Bay,,11/20/2001,3.5,3.8,,0.3,0.35,15.0,,52.0,0:00,2001
Bay,,12/4/2001,,,8.4,0.3,0.35,16.0,,54.3,7:12,2001
A,,1/10/2002,3.0,,7.7,1.0,1.0,7.0,,55.0,0:00,2002
A,,1/22/2002,3.0,2.7,7.8,0.8,1.3,9.0,,51.0,0:00,2002
A,,2/11/2002,2.0,,8.4,0.85,1.35,10.0,,,,2002
A,,2/26/2002,2.0,7.6,8.2,1.15,1.15,12.0,,59.0,0:00,2002
A,,3/28/2002,1.0,,,0.7,1.0,13.0,,45.0,0:00,2002
A,,4/17/2002,2.0,,7.5,0.55,1.0,28.0,,83.0,0:00,2002
A,,4/30/2002,1.0,2.3,7.5,0.4,1.1,22.0,,60.0,0:00,2002
A,,5/16/2002,,,7.5,0.3,0.9,,,68.0,0:00,2002
A,,5/28/2002,1.0,,7.0,0.5,0.9,26.0,,72.0,0:00,2002
A,,6/11/2002,2.0,4.2,7.0,0.7,0.7,26.0,,72.0,0:00,2002
A,,6/24/2002,,,7.0,0.9,0.9,,,83.0,0:00,2002
A,,7/8/2002,2.0,,7.0,0.65,0.7,,,74.0,0:00,2002
A,,7/23/2002,3.0,,7.5,0.3,0.3,,,84.0,0:00,2002
A,,8/1/2002,2.0,,7.0,0.5,0.7,,,87.0,0:00,2002
A,,8/22/2002,5.0,,7.0,0.5,0.6,,,82.0,0:00,2002
A,,9/5/2002,0.0,4.5,7.0,0.6,0.8,26.0,,81.0,0:00,2002
A,,9/20/2002,2.0,,7.0,0.6,0.8,,,82.0,0:00,2002
A,,10/18/2002,0.0,,6.5,0.55,0.85,,,60.0,0:00,2002
A,,10/31/2002,1.0,6.4,,1.5,1.5,10.5,,48.0,0:00,2002
A,,11/15/2002,0.0,,6.5,,2.4,13.0,,57.0,,2002
A,,12/6/2002,2.0,7.7,7.0,0.5,1.0,5.0,,38.0,0:00,2002
A,,12/16/2002,0.0,,7.0,0.8,0.8,7.5,,,,2002
B,,1/10/2002,3.4,,7.5,0.3,0.3,10.0,,55.0,0:00,2002
B,,1/22/2002,2.5,7.2,7.9,0.45,0.45,8.0,,50.0,0:00,2002
B,,2/11/2002,2.0,,8.2,0.45,0.45,12.0,,,0:00,2002
B,,2/26/2002,3.0,7.8,8.2,0.45,0.45,12.0,,58.0,0:00,2002
B,,3/28/2002,2.0,,,0.55,0.55,12.0,,45.0,0:00,2002
B,,4/17/2002,2.0,4.2,8.0,0.1,0.2,27.0,,83.0,0:00,2002
B,,4/30/2002,2.0,3.4,8.5,0.5,0.5,18.0,,60.0,0:00,2002
B,,5/16/2002,,,9.0,0.1,0.1,,,68.0,0:00,2002
B,,5/28/2002,3.0,,8.5,0.2,0.2,24.0,,72.0,0:00,2002
B,,6/11/2002,3.0,3.3,7.0,0.1,0.1,25.0,,71.0,0:00,2002
B,,6/24/2002,1.0,,7.0,0.1,0.35,,,83.0,0:00,2002
B,,7/8/2002,3.0,3.2,,0.3,0.35,,,73.0,0:00,2002
B,,7/23/2002,4.0,,7.0,0.2,0.2,,,75.2,4:48,2002
B,,8/1/2002,3.0,,7.0,0.25,0.25,,,87.0,0:00,2002
B,,8/22/2002,4.0,,9.0,0.1,0.1,,,82.0,0:00,2002
B,,9/5/2002,0.0,3.5,7.5,0.28,0.3,27.0,,81.0,0:00,2002
B,,9/20/2002,2.0,,8.0,0.1,0.1,,,82.0,0:00,2002
B,,10/18/2002,1.0,,6.5,0.3,0.3,,,60.0,0:00,2002
B,,11/15/2002,0.0,,7.5,,2.6,14.0,,56.0,0:00,2002
B,,12/16/2002,0.0,,7.0,,,7.5,,,,2002
C,,1/10/2002,3.0,6.8,7.0,0.4,0.4,9.5,,54.0,0:00,2002
C,,1/22/2002,2.5,,7.9,0.45,0.45,8.0,,50.0,0:00,2002
C,,2/11/2002,2.0,8.4,8.2,0.6,0.6,12.0,,,0:00,2002
C,,2/26/2002,2.0,,8.1,0.5,0.5,11.0,,57.0,0:00,2002
C,,3/28/2002,2.5,7.7,,0.6,0.6,11.5,,45.0,0:00,2002
C,,4/17/2002,1.0,,8.0,0.5,0.5,26.0,,82.0,,2002
C,,4/30/2002,1.0,,8.0,0.3,0.3,22.0,,59.0,,2002
C,,5/16/2002,,5.7,8.5,0.25,0.25,,,65.0,0:00,2002
C,,5/28/2002,3.5,4.6,8.0,0.2,0.2,25.0,,70.0,0:00,2002
C,,6/11/2002,2.9,,8.0,2.5,2.5,25.0,,71.0,0:00,2002
C,,6/24/2002,3.0,3.8,8.5,0.2,0.2,28.0,,83.0,0:00,2002
C,,7/8/2002,0.0,,9.0,0.35,0.35,,,73.0,,2002
C,,7/23/2002,4.0,3.3,7.0,0.2,0.2,,,84.0,0:00,2002
C,,8/1/2002,3.0,,7.0,0.25,0.25,,,87.0,0:00,2002
C,,8/22/2002,4.0,4.7,7.0,0.1,0.1,,,82.0,0:00,2002
C,,9/5/2002,0.0,,8.5,0.35,0.35,28.0,,81.0,0:00,2002
C,,9/20/2002,0.0,3.5,8.0,0.2,0.2,,,82.0,0:00,2002
C,,10/18/2002,1.0,6.7,7.0,0.6,0.6,,,60.0,0:00,2002
C,,10/31/2002,1.0,,7.0,,,10.3,,49.0,0:00,2002
C,,11/15/2002,0.0,5.8,7.0,,,18.0,,56.0,0:00,2002
C,,12/6/2002,2.0,,7.0,0.5,0.5,5.0,,38.0,0:00,2002
C,,12/16/2002,0.0,5.6,7.0,0.7,0.7,7.5,,,12:00,2002
D,,1/10/2002,0.0,10.0,6.8,1.4,1.4,9.0,,52.0,0:00,2002
D,,1/22/2002,0.0,,8.9,1.3,1.4,9.0,,50.0,0:00,2002
D,,2/11/2002,0.0,8.3,9.6,1.3,1.45,11.0,,,0:00,2002
D,,2/26/2002,0.0,,9.2,1.25,1.35,11.0,,57.0,0:00,2002
D,,3/28/2002,0.0,7.8,,0.8,1.5,12.0,,45.0,0:00,2002
D,,4/17/2002,0.0,,6.0,0.1,0.4,25.0,,82.0,0:00,2002
D,,4/30/2002,0.0,,6.0,0.6,1.4,21.0,,60.0,0:00,2002
D,,5/16/2002,0.0,3.9,,0.9,1.5,18.0,,64.0,0:00,2002
D,,5/28/2002,0.0,6.1,6.5,0.3,1.3,24.0,,70.0,0:00,2002
D,,6/11/2002,0.0,,6.5,0.2,1.4,25.0,,71.0,0:00,2002
D,,6/24/2002,,4.0,6.5,0.15,1.35,,,82.0,0:00,2002
D,,7/8/2002,0.0,,6.5,0.55,0.7,,,74.0,0:00,2002
D,,7/23/2002,0.0,5.0,7.0,0.85,1.2,,,83.0,0:00,2002
D,,8/1/2002,2.0,,7.5,0.6,1.3,,,85.0,0:00,2002
D,,8/22/2002,0.0,1.2,,0.3,0.95,,,80.0,0:00,2002
D,,9/5/2002,0.0,,7.0,0.75,1.75,26.5,,81.0,0:00,2002
D,,9/20/2002,0.0,4.2,7.0,0.7,1.2,26.0,,81.0,0:00,2002
D,,10/18/2002,0.0,5.3,6.5,0.65,1.5,,,58.0,0:00,2002
D,,10/31/2002,0.0,,6.5,,,10.3,,49.0,0:00,2002
D,,11/15/2002,0.0,6.1,6.5,,,14.0,,54.0,0:00,2002
D,,12/6/2002,1.0,,6.5,0.75,1.4,48.0,,38.0,0:00,2002
D,,12/16/2002,0.0,5.2,6.0,1.1,1.35,6.5,,,12:00,2002
Bay,,1/10/2002,3.0,7.5,6.9,0.2,0.55,,,51.2,4:48,2002
Bay,,1/22/2002,3.0,9.0,9.0,0.3,0.35,59.0,,49.9,21:36,2002
Bay,,2/11/2002,3.0,5.7,9.9,0.1,0.3,12.0,,,,2002
Bay,,2/26/2002,3.0,7.6,9.2,0.3,0.35,11.0,,57.0,0:00,2002
Bay,,3/28/2002,3.0,8.3,,0.25,0.35,12.0,,45.0,0:00,2002
Bay,,4/17/2002,3.0,4.4,7.5,0.3,0.7,25.0,,80.0,0:00,2002
Bay,,4/30/2002,3.0,7.3,7.5,0.4,0.65,18.5,,58.0,0:00,2002
Bay,,5/16/2002,2.5,8.3,7.5,0.2,0.7,20.0,,62.0,0:00,2002
Bay,,5/28/2002,3.0,4.5,7.5,0.3,0.55,24.0,,70.0,0:00,2002
Bay,,6/11/2002,3.0,5.9,8.5,0.3,0.65,23.5,,70.0,0:00,2002
Bay,,6/24/2002,4.0,5.1,7.5,0.4,0.75,27.0,,82.0,0:00,2002
Bay,,7/8/2002,4.0,3.5,8.0,0.4,0.4,,,73.0,0:00,2002
Bay,,7/23/2002,4.0,4.2,7.5,0.4,0.6,,,83.0,0:00,2002
Bay,,8/1/2002,4.0,4.2,7.5,0.6,0.6,,,85.0,0:00,2002
Bay,,8/22/2002,4.0,4.0,7.5,0.4,0.4,,,80.0,0:00,2002
Bay,,9/5/2002,3.0,6.5,7.5,0.5,0.7,27.0,,80.0,0:00,2002
Bay,,9/20/2002,4.0,4.5,7.0,0.4,0.5,,,81.0,0:00,2002
Bay,,10/18/2002,3.0,5.0,7.0,0.35,0.7,,,58.0,0:00,2002
Bay,,10/31/2002,4.0,6.3,7.5,0.5,0.5,10.0,,47.8,19:12,2002
Bay,,11/15/2002,0.0,8.1,7.0,,,12.0,,54.0,0:00,2002
Bay,,12/6/2002,2.0,9.6,7.0,0.1,0.1,5.0,,37.0,0:00,2002
Bay,,12/16/2002,2.0,6.8,7.0,0.3,0.6,7.5,,49.0,0:00,2002
A,,1/3/2003,0.0,8.1,6.5,0.9,1.1,15.0,,53.0,0:00,2003
A,,2/3/2003,0.0,,6.5,0.5,1.1,6.0,,50.0,0:00,2003
A,,2/20/2003,0.0,,6.5,0.8,1.35,7.0,,43.0,0:00,2003
A,,3/6/2003,1.0,,6.5,0.8,1.4,14.0,,58.0,0:00,2003
A,,3/20/2003,1.0,6.4,6.5,0.6,1.0,12.0,,53.0,0:00,2003
A,,4/21/2003,0.0,,5.5,0.3,0.8,17.0,,67.0,0:00,2003
A,,5/1/2003,0.0,3.9,6.5,0.45,1.15,23.0,,75.0,0:00,2003
A,,5/22/2003,1.0,,6.5,0.5,0.8,,,60.4,9:36,2003
A,,6/5/2003,0.0,4.7,6.5,0.5,0.85,24.0,,70.0,0:00,2003
A,,6/20/2003,0.0,,6.5,0.4,1.1,25.0,,73.0,0:00,2003
A,,7/1/2003,0.0,2.7,6.5,0.4,1.0,28.0,,76.5,12:00,2003
A,,7/17/2003,0.0,,7.0,0.6,0.85,29.0,,76.0,0:00,2003
A,,8/7/2003,0.0,3.0,6.5,0.45,1.0,25.0,,80.6,14:24,2003
A,,9/4/2003,0.0,,6.5,0.8,0.9,29.0,,83.0,0:00,2003
A,,10/2/2003,0.0,5.6,6.5,0.6,0.9,20.0,,64.0,0:00,2003
A,,10/23/2003,,,,0.5,0.8,,,58.0,,2003
A,,11/6/2003,0.0,2.9,6.5,0.1,0.8,24.0,,76.0,0:00,2003
A,,11/20/2003,1.0,,7.5,0.5,0.7,14.0,,56.0,0:00,2003
A,,12/1/2003,1.0,8.1,7.0,0.45,0.8,,,59.0,0:00,2003
A,,12/15/2003,2.0,,7.0,0.7,0.95,9.0,,48.0,0:00,2003
B,,1/3/2003,0.0,6.6,7.0,0.2,0.2,13.0,,53.0,0:00,2003
B,,2/3/2003,0.0,,7.0,0.5,0.5,6.0,,50.0,0:00,2003
B,,2/20/2003,0.0,6.4,7.5,0.5,0.5,7.0,,44.0,0:00,2003
B,,3/6/2003,1.0,,7.5,0.48,0.48,15.0,,58.0,0:00,2003
B,,3/20/2003,2.0,3.2,,0.3,0.3,12.0,,33.0,0:00,2003
B,,4/21/2003,0.0,,7.5,0.3,0.3,20.0,,67.0,0:00,2003
B,,5/1/2003,0.0,7.3,7.5,0.6,0.6,25.0,,76.0,0:00,2003
B,,6/5/2003,0.0,8.5,9.5,0.1,0.1,25.1,,72.0,0:00,2003
B,,6/20/2003,0.0,,7.0,0.2,0.2,26.0,,73.0,0:00,2003
B,,7/1/2003,0.0,3.6,,0.3,0.3,26.0,,77.0,0:00,2003
B,,7/17/2003,0.0,,7.5,0.1,0.1,28.0,,76.0,0:00,2003
B,,8/7/2003,0.0,3.2,7.0,0.2,0.2,25.0,,77.0,0:00,2003
B,,9/4/2003,0.0,,7.5,0.1,0.1,29.0,,83.0,0:00,2003
B,,10/2/2003,0.5,5.5,7.0,0.15,0.15,18.0,,64.0,0:00,2003
B,,10/23/2003,1.0,,8.0,0.2,0.2,11.0,,58.0,0:00,2003
B,,11/6/2003,1.0,4.7,7.0,0.15,0.15,25.0,,76.0,0:00,2003
B,,11/20/2003,1.0,,8.0,0.2,0.2,13.5,,56.0,0:00,2003
B,,12/1/2003,1.0,8.8,7.5,0.75,0.2,12.0,,58.0,0:00,2003
B,,12/15/2003,2.0,,7.0,0.3,0.3,9.0,,48.0,0:00,2003
C,,1/3/2003,0.0,,7.0,0.55,0.55,13.0,,53.0,0:00,2003
C,,2/3/2003,0.0,,7.0,0.6,0.6,6.0,,50.0,0:00,2003
C,,2/20/2003,0.0,,7.0,0.8,0.8,7.0,,45.0,0:00,2003
C,,3/6/2003,1.0,3.2,7.0,0.7,0.7,14.0,,58.0,0:00,2003
C,,3/20/2003,2.0,,7.0,0.4,0.4,12.0,,53.0,0:00,2003
C,,4/21/2003,0.0,5.6,7.0,0.4,0.4,18.0,,65.0,0:00,2003
C,,5/1/2003,1.0,,7.0,0.4,0.4,24.0,,76.0,0:00,2003
C,,5/22/2003,1.0,3.3,7.0,0.7,0.7,,,60.0,0:00,2003
C,,6/5/2003,0.0,,7.0,4.0,4.0,,,72.0,0:00,2003
C,,6/20/2003,0.0,4.5,7.0,0.5,0.5,24.0,,73.0,0:00,2003
C,,7/1/2003,0.0,,7.5,0.3,0.3,27.0,,77.0,0:00,2003
C,,7/17/2003,0.0,4.7,7.0,0.35,0.35,28.0,,75.0,0:00,2003
C,,8/7/2003,0.0,,7.0,0.5,0.5,25.0,,77.0,0:00,2003
C,,9/4/2003,0.0,4.7,7.0,0.15,0.15,27.0,,83.0,0:00,2003
C,,10/2/2003,1.0,,7.0,0.6,0.6,20.0,,64.0,0:00,2003
C,,10/23/2003,1.0,5.6,7.5,0.15,0.15,14.0,,58.0,0:00,2003
C,,11/6/2003,1.0,,7.0,0.3,0.3,24.0,,76.0,0:00,2003
C,,11/20/2003,,7.6,7.5,0.2,0.2,,,56.0,0:00,2003
C,,12/1/2003,1.0,,7.5,0.25,0.25,13.0,,59.0,0:00,2003
C,,12/15/2003,,6.8,7.0,0.5,0.5,8.0,,48.0,0:00,2003
D,,1/3/2003,0.0,,6.5,1.0,1.9,12.0,,53.0,0:00,2003
D,,2/3/2003,0.0,7.4,6.0,1.2,1.5,6.0,,46.0,0:00,2003
D,,2/20/2003,,,6.5,,,7.0,,45.0,0:00,2003
D,,3/6/2003,1.0,8.7,6.5,0.7,1.5,,,58.0,0:00,2003
D,,3/20/2003,2.0,,6.0,1.2,1.4,12.0,,53.0,0:00,2003
D,,4/21/2003,0.0,6.8,,1.1,1.5,16.0,,65.0,0:00,2003
D,,5/1/2003,0.0,,6.5,1.0,1.5,25.0,,75.0,0:00,2003
D,,5/22/2003,0.0,5.8,6.5,0.8,1.5,,,60.4,9:36,2003
D,,6/5/2003,0.0,,6.5,0.3,1.5,25.0,,72.0,0:00,2003
D,,6/20/2003,0.0,4.3,6.0,0.5,1.5,25.0,,72.7,16:48,2003
D,,7/1/2003,0.0,,6.0,0.4,1.4,27.0,,77.0,,2003
D,,7/17/2003,0.0,2.9,6.5,0.5,1.4,28.0,,75.0,0:00,2003
D,,8/7/2003,1.0,,6.5,0.6,1.6,25.0,,77.0,0:00,2003
D,,9/4/2003,0.0,4.7,6.5,0.5,1.5,28.0,,82.0,0:00,2003
D,,10/2/2003,1.0,,6.5,0.5,1.6,19.0,,64.0,0:00,2003
D,,10/23/2003,1.0,4.4,6.5,1.1,1.5,14.0,,57.0,0:00,2003
D,,11/20/2003,1.0,6.5,6.5,1.2,1.4,14.5,,56.0,0:00,2003
D,,12/1/2003,1.0,,6.0,1.5,1.5,11.0,,59.0,0:00,2003
D,,12/15/2003,2.0,7.1,6.0,1.5,1.7,12.0,,48.0,0:00,2003
Bay,,1/3/2003,0.0,5.1,7.0,0.3,0.6,14.0,,52.0,0:00,2003
Bay,,2/3/2003,0.0,6.6,7.0,0.4,0.4,7.0,,45.9,21:36,2003
Bay,,2/20/2003,0.0,,7.0,0.25,0.45,7.0,,43.0,0:00,2003
Bay,,3/6/2003,1.0,4.1,6.5,0.3,0.9,14.0,,59.9,21:36,2003
Bay,,3/20/2003,2.0,3.8,7.0,0.2,0.3,11.0,,52.9,21:36,2003
Bay,,4/21/2003,1.0,5.8,7.0,0.3,0.6,16.0,,64.9,21:36,2003
Bay,,5/1/2003,0.0,6.6,6.5,0.4,0.8,,,75.0,0:00,2003
Bay,,5/22/2003,2.0,6.3,6.5,0.3,0.5,20.0,,60.4,9:36,2003
Bay,,6/5/2003,2.0,6.8,6.5,0.4,0.8,,,69.3,7:12,2003
Bay,,6/20/2003,0.0,4.1,7.0,0.4,0.8,24.0,,72.1,2:24,2003
Bay,,7/1/2003,0.0,5.2,6.5,0.4,0.7,27.0,,26.5,12:00,2003
Bay,,7/17/2003,0.0,3.8,6.5,0.4,0.8,26.0,,74.0,0:00,2003
Bay,,8/7/2003,0.0,7.0,7.2,0.5,0.9,25.0,,77.0,0:00,2003
Bay,,9/4/2003,4.0,3.7,7.0,0.5,0.75,27.0,,81.9,21:36,2003
Bay,,10/2/2003,1.0,6.0,6.5,0.5,0.7,,,64.0,0:00,2003
Bay,,10/23/2003,1.0,5.8,6.5,0.4,0.55,14.0,,57.0,0:00,2003
Bay,,11/6/2003,1.0,6.5,6.5,0.75,0.75,23.0,,76.3,7:12,2003
Bay,,11/20/2003,3.0,8.8,6.5,0.4,0.6,14.0,,56.0,0:00,2003
Bay,,12/1/2003,3.0,8.7,6.5,0.2,0.75,11.0,,58.0,0:00,2003
Bay,,12/15/2003,2.0,6.9,6.0,0.4,0.7,8.0,,47.0,0:00,2003
A,,1/4/2004,1.0,8.5,7.0,0.65,1.05,5.0,,33.0,0:00,2004
A,,1/20/2004,2.0,,7.0,0.6,0.9,4.0,,40.0,0:00,2004
A,,2/5/2004,1.0,7.0,7.0,0.8,1.1,60.0,,43.0,0:00,2004
A,,2/19/2004,1.0,,7.0,0.7,1.2,8.0,,14.5,12:00,2004
A,,3/4/2004,0.0,7.5,7.0,1.0,1.2,16.0,,64.0,0:00,2004
A,,3/18/2004,1.0,,7.0,1.0,1.2,10.0,,40.0,0:00,2004
A,,4/1/2004,0.0,6.7,7.0,0.6,1.0,13.0,,54.0,0:00,2004
A,,4/16/2004,1.0,,7.0,0.8,0.9,,,53.0,0:00,2004
A,,4/29/2004,0.0,,7.5,0.7,0.7,22.0,,64.0,0:00,2004
A,,5/13/2004,0.0,3.9,6.0,0.7,0.8,26.0,,77.0,0:00,2004
A,,6/3/2004,0.0,,6.5,,,26.0,,81.0,0:00,2004
A,,6/17/2004,0.0,2.9,6.5,0.5,0.5,26.0,,77.0,0:00,2004
A,,7/8/2004,0.0,,6.5,1.0,1.0,29.0,,80.0,0:00,2004
A,,7/22/2004,0.0,,6.5,0.5,1.5,30.0,,82.0,0:00,2004
A,,8/5/2004,0.0,,6.5,0.95,1.15,30.0,,83.0,0:00,2004
A,,8/19/2004,0.0,3.0,6.5,0.95,0.95,27.0,,80.0,0:00,2004
A,,9/2/2004,0.0,,6.5,0.8,0.8,26.0,,80.0,0:00,2004
A,,9/16/2004,0.0,3.6,6.5,0.4,0.8,26.0,,29.0,0:00,2004
A,,10/1/2004,1.0,,0.7,0.4,0.7,24.0,,72.0,0:00,2004
A,,10/21/2004,1.0,,6.5,1.0,1.5,16.0,,63.0,0:00,2004
A,,11/5/2004,0.0,,7.0,0.7,0.8,16.0,,57.0,0:00,2004
A,,11/18/2004,0.0,8.0,7.0,0.6,0.6,10.0,,51.0,0:00,2004
A,,12/2/2004,0.0,,7.0,1.6,1.8,13.0,,56.0,0:00,2004
A,,12/16/2004,2.0,6.3,7.0,0.9,1.0,5.0,,34.0,0:00,2004
B,,1/4/2004,1.0,8.5,7.0,0.2,0.2,4.0,,33.0,0:00,2004
B,,1/20/2004,2.0,,8.0,0.2,0.2,3.0,,40.0,0:00,2004
B,,2/5/2004,1.0,6.6,7.0,0.25,0.25,5.0,,43.0,0:00,2004
B,,2/19/2004,1.0,,7.0,0.3,0.3,6.5,,10.5,12:00,2004
B,,3/4/2004,0.0,5.4,7.0,0.2,0.2,16.0,,65.0,0:00,2004
B,,3/18/2004,1.0,,7.0,0.3,0.3,9.0,,43.0,0:00,2004
B,,4/1/2004,1.0,7.2,8.0,0.3,0.3,13.0,,54.0,0:00,2004
B,,4/16/2004,1.0,,8.0,0.2,0.2,13.0,,53.0,0:00,2004
B,,4/29/2004,0.0,,8.5,0.1,0.1,22.0,,63.0,0:00,2004
B,,5/13/2004,0.0,3.1,9.0,0.2,0.2,28.0,,26.0,0:00,2004
B,,6/3/2004,0.0,,8.0,0.1,0.1,27.0,,80.0,0:00,2004
B,,6/17/2004,0.0,,7.0,0.1,0.1,26.0,,78.0,0:00,2004
B,,7/8/2004,0.0,,7.0,0.2,0.2,29.0,,80.0,0:00,2004
B,,7/22/2004,0.0,3.1,8.0,0.1,0.1,28.5,,81.0,0:00,2004
B,,8/5/2004,0.0,,7.0,0.25,0.25,32.0,,83.0,0:00,2004
B,,8/19/2004,0.0,2.8,6.5,0.2,0.2,28.0,,82.0,0:00,2004
B,,9/2/2004,0.0,,6.5,0.1,0.1,26.0,,79.0,0:00,2004
B,,9/16/2004,0.0,3.7,7.0,0.2,0.2,26.0,,29.0,0:00,2004
B,,10/1/2004,0.0,,8.0,0.15,0.15,23.0,,72.0,0:00,2004
B,,10/21/2004,2.0,4.5,7.0,0.3,0.3,17.0,,63.0,0:00,2004
B,,11/5/2004,0.0,,7.0,0.25,0.25,15.0,,58.0,0:00,2004
B,,11/18/2004,0.0,5.3,7.0,0.2,0.2,11.0,,,,2004
B,,12/2/2004,1.0,,7.5,0.2,0.2,13.0,,55.0,0:00,2004
B,,12/16/2004,4.0,5.7,7.5,0.2,0.2,4.0,,35.0,0:00,2004
C,,1/4/2004,1.0,,7.0,0.5,0.5,5.0,,33.0,0:00,2004
C,,1/20/2004,2.0,10.0,,0.5,0.5,3.0,,40.0,0:00,2004
C,,2/5/2004,1.0,,7.0,0.6,0.6,7.0,,43.0,0:00,2004
C,,2/19/2004,1.0,9.1,7.0,0.5,0.6,6.0,,11.5,12:00,2004
C,,3/4/2004,0.0,,7.0,0.6,0.6,17.0,,22.0,0:00,2004
C,,3/18/2004,1.0,6.7,7.0,0.6,0.6,10.0,,45.0,0:00,2004
C,,4/1/2004,1.0,,7.0,0.6,0.6,12.0,,55.0,0:00,2004
C,,4/16/2004,1.0,7.4,7.5,0.4,0.4,14.0,,52.0,0:00,2004
C,,4/29/2004,0.0,2.8,7.0,0.3,0.3,,,63.0,0:00,2004
C,,5/13/2004,2.0,,7.0,0.4,0.4,27.0,,78.0,0:00,2004
C,,6/3/2004,0.0,4.2,7.5,0.3,0.3,26.0,,80.0,0:00,2004
C,,6/17/2004,0.0,,7.0,0.4,0.4,25.0,,79.0,0:00,2004
C,,7/8/2004,0.0,3.0,7.5,0.5,0.5,29.0,,80.0,,2004
C,,7/22/2004,0.0,,7.0,0.55,0.55,30.0,,81.0,0:00,2004
C,,8/5/2004,0.0,2.9,6.5,0.6,0.6,29.0,,83.0,0:00,2004
C,,8/19/2004,0.0,,6.5,0.7,0.7,28.0,,82.0,0:00,2004
C,,9/2/2004,0.0,3.6,7.0,0.3,0.3,,,80.0,,2004
C,,9/16/2004,0.0,,7.0,0.25,0.25,27.0,,30.0,0:00,2004
C,,10/1/2004,0.0,5.3,7.5,0.3,0.3,23.0,,72.0,0:00,2004
C,,10/21/2004,2.0,,7.0,0.5,0.5,17.0,,63.0,0:00,2004
C,,11/5/2004,0.0,6.2,7.0,0.5,0.5,15.0,,57.0,0:00,2004
C,,11/18/2004,0.0,,7.0,0.5,0.5,11.0,,53.0,0:00,2004
C,,12/2/2004,1.0,4.2,7.0,0.5,0.5,12.0,,55.0,0:00,2004
C,,12/16/2004,3.0,,7.0,0.5,0.5,4.0,,35.0,0:00,2004
D,,1/4/2004,1.0,,6.5,1.1,1.1,5.0,,33.0,0:00,2004
D,,1/20/2004,0.0,10.0,6.5,1.4,1.4,4.0,,40.0,0:00,2004
D,,2/5/2004,1.0,,6.0,1.5,1.5,5.0,,43.0,0:00,2004
D,,2/19/2004,1.0,10.1,6.5,1.5,1.5,6.0,,37.0,0:00,2004
D,,3/4/2004,0.0,,6.5,1.2,1.2,18.0,,21.0,0:00,2004
D,,3/18/2004,1.0,8.4,6.5,1.0,1.5,,,44.0,0:00,2004
D,,4/1/2004,1.0,,6.5,1.0,1.6,12.0,,55.0,,2004
D,,4/16/2004,1.0,5.8,6.5,0.9,1.5,14.0,,52.0,0:00,2004
D,,4/29/2004,0.0,4.9,6.5,1.1,1.35,19.0,,62.0,0:00,2004
D,,5/13/2004,0.0,,7.0,1.0,1.4,28.0,,78.0,0:00,2004
D,,6/3/2004,0.0,4.5,6.5,0.7,1.3,26.0,,78.0,0:00,2004
D,,6/17/2004,0.0,,6.5,0.6,1.5,,,80.0,0:00,2004
D,,7/8/2004,0.0,2.6,6.5,0.6,1.65,29.0,,78.0,0:00,2004
D,,8/5/2004,0.0,3.1,6.5,0.5,1.6,28.0,,82.0,0:00,2004
D,,8/19/2004,0.0,,6.5,0.8,1.5,29.0,,83.0,0:00,2004
D,,9/2/2004,0.0,3.0,6.5,0.4,1.4,25.2,,78.0,0:00,2004
D,,9/16/2004,0.0,,6.5,0.9,1.5,26.0,,30.0,0:00,2004
D,,10/1/2004,0.0,6.4,6.5,0.6,1.5,24.0,,72.0,0:00,2004
D,,10/21/2004,1.0,3.3,6.5,0.8,0.8,17.0,,63.0,0:00,2004
D,,11/5/2004,0.0,5.5,6.5,1.2,1.4,,,57.0,0:00,2004
D,,11/18/2004,0.0,,6.5,1.4,1.4,12.0,,53.0,0:00,2004
D,,12/2/2004,0.0,7.25,6.5,1.5,1.5,12.0,,54.0,0:00,2004
D,,12/16/2004,,3.0,6.5,1.5,1.5,5.0,,35.0,0:00,2004
Bay,,1/9/2004,1.0,8.2,6.5,0.4,0.4,6.0,,33.0,0:00,2004
Bay,,1/20/2004,1.0,9.5,6.5,0.2,0.3,7.0,,40.0,0:00,2004
Bay,,2/5/2004,0.0,5.9,6.5,0.2,0.25,15.5,,43.0,0:00,2004
Bay,,2/19/2004,1.0,7.5,7.0,0.1,0.1,6.0,,37.0,0:00,2004
Bay,,3/4/2004,1.0,3.7,6.5,0.1,0.5,15.0,,64.0,0:00,2004
Bay,,3/18/2004,0.0,7.7,6.5,0.2,0.45,9.0,,43.3,7:12,2004
Bay,,4/1/2004,0.0,7.6,7.0,0.1,0.1,14.0,,52.5,12:00,2004
Bay,,4/16/2004,1.0,5.7,6.5,0.2,0.5,13.0,,52.0,0:00,2004
Bay,,4/29/2004,0.0,7.1,6.5,0.35,0.45,16.0,,62.0,0:00,2004
Bay,,5/13/2004,0.0,5.6,6.5,0.4,0.75,,,75.6,14:24,2004
Bay,,6/3/2004,0.0,4.8,6.5,0.5,0.7,26.0,,77.0,0:00,2004
Bay,,6/17/2004,0.0,3.3,6.5,0.5,0.8,25.0,,77.0,0:00,2004
Bay,,7/8/2004,1.0,4.7,6.5,0.5,0.6,27.0,,77.0,0:00,2004
Bay,,7/22/2004,2.0,3.1,6.5,0.5,0.55,27.0,,79.0,0:00,2004
Bay,,8/5/2004,0.0,3.15,6.5,0.55,0.6,27.0,,81.5,12:00,2004
Bay,,8/19/2004,0.0,4.75,6.5,0.4,0.8,26.0,,79.9,21:36,2004
Bay,,9/2/2004,0.0,5.2,6.5,0.4,0.6,24.0,,78.0,0:00,2004
Bay,,9/16/2004,0.0,4.0,6.5,0.45,0.65,24.0,,29.0,0:00,2004
Bay,,10/1/2004,1.0,4.3,7.0,0.4,0.7,23.0,,71.8,19:12,2004
Bay,,10/21/2004,1.0,5.8,6.5,0.6,0.7,18.0,,63.0,0:00,2004
Bay,,11/5/2004,1.0,5.9,6.5,0.5,0.6,14.0,,57.0,0:00,2004
Bay,,11/18/2004,0.0,5.9,6.5,0.5,0.5,11.0,,51.0,0:00,2004
Bay,,12/2/2004,0.0,6.3,6.5,0.4,0.65,11.0,,53.6,14:24,2004
Bay,,12/16/2004,2.0,5.2,6.5,0.3,0.3,4.0,,33.0,0:00,2004
A,,1/6/2005,0.0,,6.5,1.0,1.0,12.0,,59.0,0:00,2005
A,,2/3/2005,0.0,5.5,7.0,0.8,0.8,5.0,,38.0,0:00,2005
A,,2/17/2005,2.0,,7.0,1.0,1.0,10.0,,45.0,0:00,2005
A,,3/3/2005,1.0,6.2,7.0,1.1,1.1,5.0,,34.0,0:00,2005
A,,3/10/2005,1.0,,7.0,0.7,0.7,0.7,,45.0,0:00,2005
A,,4/21/2005,0.0,3.3,7.0,0.3,0.9,19.0,,70.0,0:00,2005
A,,5/5/2005,0.0,,7.0,0.6,0.6,17.0,,54.0,0:00,2005
A,,5/24/2005,0.0,4.7,7.0,0.6,0.75,20.0,,62.0,0:00,2005
A,,6/16/2005,0.0,,8.0,0.7,0.85,31.0,,88.0,0:00,2005
A,,7/1/2005,0.0,,7.0,0.8,0.8,30.0,,,0:00,2005
A,,7/14/2005,0.0,2.2,6.0,0.8,0.8,28.0,,,0:00,2005
A,,8/11/2005,0.0,,7.0,1.0,1.4,32.0,,86.0,0:00,2005
A,,8/24/2005,0.0,,7.0,0.5,0.7,27.0,,73.0,0:00,2005
A,,9/8/2005,0.0,4.2,7.0,0.3,0.5,,,73.0,0:00,2005
A,,9/22/2005,0.0,,6.5,0.3,0.5,26.0,,79.0,0:00,2005
A,,10/7/2005,0.0,3.4,6.5,0.6,0.8,24.0,,77.0,0:00,2005
A,,10/27/2005,0.0,,6.5,0.6,0.6,9.0,,53.0,0:00,2005
A,,11/3/2005,0.0,,7.0,0.8,0.8,14.0,,59.0,0:00,2005
A,,11/10/2005,0.0,,6.5,0.9,0.9,17.0,,59.0,0:00,2005
A,,12/1/2005,0.0,7.0,6.5,0.9,0.9,10.0,,45.0,0:00,2005
B,,1/6/2005,0.0,,7.0,0.2,0.2,13.0,,59.0,0:00,2005
B,,2/3/2005,0.0,6.7,7.0,0.3,0.3,34.5,,38.0,0:00,2005
B,,2/17/2005,2.0,,7.0,,,10.0,,45.0,0:00,2005
B,,3/3/2005,2.0,5.3,7.0,0.3,0.3,5.0,,34.0,0:00,2005
B,,3/10/2005,2.0,,7.5,0.4,0.4,7.0,,45.0,0:00,2005
B,,4/21/2005,0.0,5.4,8.5,0.2,0.2,20.0,,71.0,0:00,2005
B,,5/5/2005,0.0,,8.0,0.1,0.1,17.0,,54.0,0:00,2005
B,,5/24/2005,0.0,6.0,9.0,0.1,0.1,20.0,,62.0,0:00,2005
B,,6/16/2005,0.0,,9.0,0.95,,35.0,,89.0,0:00,2005
B,,7/1/2005,0.0,,8.0,0.3,0.3,30.0,,,0:00,2005
B,,7/14/2005,0.0,3.5,6.0,0.1,0.1,28.0,,,0:00,2005
B,,8/11/2005,0.0,,7.0,0.6,0.6,31.0,,86.0,0:00,2005
B,,8/24/2005,0.0,,7.5,0.2,0.2,27.0,,73.0,0:00,2005
B,,9/8/2005,0.0,2.4,7.0,0.1,0.1,26.0,,74.0,0:00,2005
B,,9/22/2005,0.0,,6.5,0.1,0.1,27.0,,78.0,0:00,2005
B,,10/7/2005,0.0,4.5,7.0,0.1,0.1,25.0,,77.0,0:00,2005
B,,10/27/2005,0.0,,6.5,0.1,0.1,14.0,,53.0,0:00,2005
B,,11/3/2005,0.0,5.7,6.5,0.15,0.15,13.0,,59.0,0:00,2005
B,,11/10/2005,0.0,,6.5,0.2,0.2,17.0,,59.0,0:00,2005
B,,12/1/2005,0.0,6.1,7.0,0.5,0.5,13.0,,45.0,0:00,2005
C,,1/6/2005,1.0,4.3,7.0,0.4,0.4,13.0,,58.0,0:00,2005
C,,2/3/2005,0.0,,7.0,0.6,0.6,4.5,,38.0,0:00,2005
C,,2/17/2005,1.0,5.3,7.0,0.6,0.6,12.0,,45.0,0:00,2005
C,,3/3/2005,2.0,,7.0,0.6,0.6,5.0,,34.0,0:00,2005
C,,3/10/2005,1.0,6.9,7.0,0.7,0.7,6.0,,45.0,0:00,2005
C,,4/21/2005,0.0,,8.0,0.6,0.6,21.0,,71.0,0:00,2005
C,,5/5/2005,0.0,4.8,8.0,0.6,0.6,,,58.0,0:00,2005
C,,5/24/2005,0.0,,7.5,0.7,0.7,21.0,,62.0,0:00,2005
C,,6/3/2005,0.0,4.4,8.0,0.7,0.7,18.0,,64.0,0:00,2005
C,,6/16/2005,0.0,4.8,8.5,0.6,0.6,34.0,,88.0,0:00,2005
C,,7/1/2005,0.0,5.1,8.5,0.6,0.6,31.0,,,0:00,2005
C,,7/14/2005,0.0,,6.5,0.6,0.6,32.0,,,0:00,2005
C,,8/11/2005,0.0,5.2,7.5,0.1,0.1,32.0,,86.0,0:00,2005
C,,8/24/2005,0.0,3.6,7.0,0.3,0.3,25.0,,73.0,0:00,2005
C,,9/8/2005,0.0,,8.0,0.1,0.1,25.0,,74.0,0:00,2005
C,,9/22/2005,0.0,2.6,6.5,0.2,0.2,25.0,,78.0,0:00,2005
C,,10/7/2005,0.0,,6.5,,,25.0,,77.0,0:00,2005
C,,10/27/2005,0.0,5.0,7.0,0.35,0.35,14.0,,,0:00,2005
C,,11/3/2005,0.0,,7.5,0.3,0.3,16.0,,60.0,0:00,2005
C,,11/10/2005,0.0,5.0,7.0,0.3,0.3,17.0,,59.0,0:00,2005
C,,12/1/2005,0.0,,7.0,0.4,0.4,12.0,,46.0,0:00,2005
D,,1/6/2005,0.0,7.6,6.5,1.4,1.4,13.0,,58.0,0:00,2005
D,,2/3/2005,0.0,,6.5,1.1,1.45,7.2,,38.0,0:00,2005
D,,2/17/2005,0.0,6.6,6.5,1.3,1.5,10.0,,44.0,0:00,2005
D,,3/3/2005,1.0,,6.5,1.5,1.6,6.0,,35.0,0:00,2005
D,,3/10/2005,1.0,7.7,6.5,1.2,1.4,6.0,,44.0,0:00,2005
D,,4/21/2005,0.0,,6.5,1.1,1.4,21.0,,72.0,0:00,2005
D,,5/5/2005,0.0,5.2,6.5,1.0,1.4,17.0,,58.0,0:00,2005
D,,5/24/2005,0.0,,6.5,0.8,1.5,,,62.0,0:00,2005
D,,6/3/2005,0.0,5.0,6.5,1.0,1.5,18.0,,63.0,0:00,2005
D,,6/16/2005,0.0,4.3,6.5,0.8,1.4,34.0,,88.0,0:00,2005
D,,7/1/2005,0.0,2.7,6.5,0.9,1.3,30.0,,,0:00,2005
D,,7/14/2005,0.0,,7.5,0.9,1.3,30.0,,,0:00,2005
D,,7/21/2005,0.0,4.3,6.5,0.7,1.5,32.0,,83.0,0:00,2005
D,,8/11/2005,0.0,2.9,6.5,0.4,0.8,31.0,,85.0,0:00,2005
D,,8/24/2005,0.0,2.5,,0.7,1.5,27.0,,73.0,0:00,2005
D,,9/8/2005,0.0,,6.5,0.9,1.4,24.0,,74.0,0:00,2005
D,,9/22/2005,0.0,3.9,6.5,0.7,1.0,26.0,,78.0,0:00,2005
D,,10/7/2005,0.0,,6.5,0.7,1.1,25.0,,77.0,0:00,2005
D,,10/27/2005,0.0,5.9,6.5,1.0,1.4,14.0,,51.0,0:00,2005
D,,11/3/2005,0.0,,6.0,1.4,1.4,16.0,,60.0,0:00,2005
D,,11/10/2005,0.0,5.9,6.5,0.9,1.3,17.0,,59.0,0:00,2005
D,,12/1/2005,0.0,,6.5,1.3,1.3,11.0,,45.0,0:00,2005
D,,12/15/2005,0.0,10.0,6.5,0.8,0.9,5.0,,46.0,0:00,2005
Bay,,1/6/2005,1.0,5.9,6.0,0.4,0.5,12.0,,57.7,16:48,2005
Bay,,2/3/2005,0.0,7.3,6.5,0.15,0.15,6.0,,37.4,9:36,2005
Bay,,2/17/2005,0.0,6.3,6.5,0.3,0.5,9.0,,44.0,0:00,2005
Bay,,3/3/2005,1.0,,6.5,0.2,0.45,5.0,,,0:00,2005
Bay,,3/10/2005,1.0,7.4,6.0,0.2,0.4,6.0,,44.0,0:00,2005
Bay,,4/21/2005,0.0,5.2,6.0,0.2,0.5,19.0,,70.0,0:00,2005
Bay,,5/5/2005,0.0,6.9,6.5,0.4,0.4,15.0,,58.0,0:00,2005
Bay,,5/24/2005,0.0,6.3,6.5,0.4,0.6,20.0,,61.0,0:00,2005
Bay,,6/3/2005,0.0,6.6,6.5,0.6,0.7,18.0,,63.0,0:00,2005
Bay,,6/16/2005,,5.4,7.0,0.55,0.65,30.0,,87.4,9:36,2005
Bay,,7/1/2005,0.0,4.3,6.5,0.07,0.07,27.0,,,0:00,2005
Bay,,7/14/2005,0.0,3.6,6.0,0.6,0.7,25.0,,27.0,0:00,2005
Bay,,7/21/2005,0.0,5.7,6.0,0.6,0.6,28.0,,83.0,0:00,2005
Bay,,8/11/2005,0.0,3.7,6.5,0.6,0.6,27.0,,85.0,0:00,2005
Bay,,8/24/2005,0.0,4.9,6.0,0.45,0.45,25.0,,73.0,0:00,2005
Bay,,9/8/2005,0.0,5.0,6.5,0.1,0.1,74.0,,76.0,0:00,2005
Bay,,9/22/2005,0.0,4.3,6.0,0.5,0.7,25.0,,78.0,0:00,2005
Bay,,10/7/2005,0.0,5.3,6.5,0.6,0.7,24.0,,72.0,0:00,2005
Bay,,10/27/2005,0.0,6.2,6.5,0.5,0.5,16.0,,51.0,0:00,2005
Bay,,11/3/2005,0.0,5.7,6.5,0.5,0.5,14.0,,57.0,0:00,2005
Bay,,11/10/2005,0.0,6.6,6.5,0.5,0.7,18.0,,59.0,0:00,2005
Bay,,12/1/2005,0.0,7.2,6.5,0.45,0.45,11.0,,43.0,0:00,2005
Bay,,12/15/2005,0.0,7.6,6.5,0.2,0.2,6.0,,46.0,0:00,2005
A,,1/3/2006,0.0,,6.0,0.7,0.9,11.0,,48.0,0:00,2006
A,,1/19/2006,0.0,7.7,6.5,1.1,1.1,9.0,,46.0,0:00,2006
A,,2/2/2006,0.0,,6.5,1.15,1.15,9.0,,52.0,0:00,2006
A,,2/9/2006,0.0,8.6,7.0,1.0,1.1,7.0,,39.2,4:48,2006
A,,3/9/2006,0.0,,7.0,1.1,1.1,10.0,,57.2,4:48,2006
A,,3/15/2006,0.0,7.8,7.0,1.0,1.0,14.0,,44.6,14:24,2006
A,,4/6/2006,0.0,,7.5,0.4,1.1,17.0,,59.0,0:00,2006
A,,4/21/2006,0.0,,7.0,0.6,1.0,19.0,,62.6,14:24,2006
A,,5/5/2006,0.0,,7.0,0.9,0.9,21.0,,60.8,19:12,2006
A,,5/17/2006,0.0,,6.5,0.8,0.8,22.0,,71.0,0:00,2006
A,,6/1/2006,0.0,5.0,7.0,0.7,0.7,20.0,,77.0,0:00,2006
A,,7/6/2006,0.0,3.6,6.5,0.9,1.0,28.0,,73.4,9:36,2006
A,,7/18/2006,0.0,,7.0,0.8,0.8,31.0,,73.0,0:00,2006
A,,7/27/2006,0.0,2.0,6.5,,,28.0,,79.0,0:00,2006
A,,8/17/2006,0.0,,6.5,0.5,0.6,26.0,,80.0,0:00,2006
A,,9/7/2006,0.0,3.7,6.5,,,24.0,,70.0,0:00,2006
A,,9/21/2006,0.0,,6.5,0.6,0.9,21.0,,66.0,0:00,2006
A,,10/5/2006,0.0,6.3,,0.8,0.8,23.0,,74.0,0:00,2006
A,,10/19/2006,0.0,,7.0,0.8,0.8,21.0,,67.0,0:00,2006
A,,11/6/2006,0.0,,6.5,0.6,0.6,15.0,,61.0,0:00,2006
A,,11/16/2006,0.0,6.0,6.5,0.6,0.95,17.0,,65.0,0:00,2006
A,,11/30/2006,0.0,,6.5,0.6,0.9,15.0,,65.0,0:00,2006
A,,12/14/2006,0.0,7.8,,0.65,0.75,13.0,,58.0,0:00,2006
B,,1/3/2006,0.0,,7.0,0.3,0.3,11.0,,48.0,0:00,2006
B,,1/19/2006,0.0,5.7,7.0,0.2,0.2,8.0,,46.0,0:00,2006
B,,2/2/2006,0.0,,7.0,0.2,0.2,9.0,,54.0,0:00,2006
B,,2/9/2006,0.0,8.5,7.0,0.2,0.2,,,39.2,4:48,2006
B,,3/9/2006,0.0,,7.0,0.3,0.3,11.0,,57.2,4:48,2006
B,,3/15/2006,0.0,7.7,7.0,0.2,0.2,12.0,,48.2,4:48,2006
B,,4/6/2006,0.0,,8.0,0.25,0.25,17.0,,59.0,0:00,2006
B,,4/21/2006,0.0,8.0,7.0,0.2,0.2,18.0,,62.6,14:24,2006
B,,5/5/2006,0.0,,9.0,0.1,0.1,21.0,,60.8,19:12,2006
B,,5/17/2006,0.0,,6.0,0.2,0.2,22.0,,71.0,0:00,2006
B,,6/1/2006,0.0,4.4,7.0,0.1,0.1,26.0,,77.0,0:00,2006
B,,6/16/2006,0.0,3.8,6.0,0.4,0.4,23.0,,68.0,0:00,2006
B,,7/6/2006,0.0,4.7,6.5,0.2,0.2,27.0,,73.4,9:36,2006
B,,7/18/2006,0.0,,6.5,0.2,0.2,20.0,,72.0,0:00,2006
B,,7/27/2006,0.0,2.9,6.5,0.2,0.2,29.0,,79.0,0:00,2006
B,,8/17/2006,0.0,,9.0,0.1,0.1,30.0,,80.0,0:00,2006
B,,9/7/2006,0.0,3.5,6.5,0.2,0.2,25.0,,70.0,,2006
B,,9/21/2006,0.0,,6.5,0.2,0.2,18.0,,66.0,0:00,2006
B,,10/5/2006,0.0,8.2,7.0,0.4,0.4,23.0,,73.0,0:00,2006
B,,10/19/2006,0.0,,7.5,0.3,0.3,22.0,,67.0,0:00,2006
B,,11/6/2006,0.0,,7.0,0.2,0.2,19.0,,62.0,0:00,2006
B,,11/16/2006,0.0,6.8,6.5,0.3,0.3,18.0,,65.0,0:00,2006
B,,11/30/2006,0.0,,7.0,0.2,0.2,16.0,,65.0,0:00,2006
B,,12/14/2006,0.0,7.7,6.0,0.1,0.2,15.0,,58.0,0:00,2006
C,,1/3/2006,0.0,5.9,7.0,0.5,0.5,10.0,,48.0,0:00,2006
C,,1/19/2006,0.0,,7.0,0.5,0.5,10.0,,47.0,0:00,2006
C,,2/2/2006,0.0,8.8,7.0,0.5,0.5,9.0,,54.0,0:00,2006
C,,2/9/2006,0.0,,7.0,0.6,0.6,7.0,,39.2,4:48,2006
C,,3/9/2006,0.0,9.9,7.5,0.5,0.5,10.0,,57.2,4:48,2006
C,,3/15/2006,0.0,,8.0,0.4,0.4,14.0,,44.6,14:24,2006
C,,4/6/2006,0.0,8.2,8.0,0.4,0.4,14.0,,59.0,0:00,2006
C,,4/21/2006,0.0,,7.0,0.3,0.3,18.0,,62.6,14:24,2006
C,,5/5/2006,0.0,9.0,8.5,0.1,0.3,19.0,,60.8,19:12,2006
C,,5/17/2006,0.0,,8.0,,,23.0,,71.0,0:00,2006
C,,6/1/2006,0.0,,9.5,0.2,0.2,29.0,,77.0,0:00,2006
C,,6/16/2006,0.0,,7.0,0.5,0.5,22.0,,68.0,0:00,2006
C,,7/6/2006,0.0,,7.0,0.4,0.4,28.0,,73.4,9:36,2006
C,,7/18/2006,0.0,2.7,6.5,0.2,0.2,26.0,,73.0,0:00,2006
C,,7/27/2006,0.0,,7.0,0.3,0.3,29.0,,79.0,0:00,2006
C,,8/17/2006,0.0,6.8,6.5,0.2,0.2,28.0,,80.0,0:00,2006
C,,9/7/2006,0.0,,6.5,0.7,0.7,24.0,,71.0,0:00,2006
C,,9/21/2006,0.0,5.2,6.5,0.4,0.4,20.0,,66.0,0:00,2006
C,,10/5/2006,0.0,,6.5,0.1,0.1,25.0,,74.0,0:00,2006
C,,10/19/2006,0.0,3.2,,0.2,0.2,,,67.0,0:00,2006
C,,11/6/2006,0.0,4.9,6.5,0.1,0.1,17.0,,61.0,0:00,2006
C,,11/16/2006,0.0,,6.5,1.0,1.0,18.0,,65.0,0:00,2006
C,,11/30/2006,0.0,6.9,6.5,0.1,0.1,14.0,,65.0,0:00,2006
C,,12/14/2006,0.0,,8.0,0.2,0.2,13.0,,58.0,0:00,2006
D,,1/3/2006,0.0,8.1,6.5,1.2,1.6,9.0,,48.0,0:00,2006
D,,1/19/2006,0.0,,6.5,1.4,1.4,10.0,,47.0,0:00,2006
D,,2/2/2006,0.0,8.2,,1.4,1.4,9.0,,53.6,14:24,2006
D,,2/9/2006,,,6.5,1.5,1.5,7.0,,41.0,0:00,2006
D,,3/9/2006,0.0,8.7,6.5,1.4,1.4,10.0,,56.0,0:00,2006
D,,3/15/2006,0.0,,6.5,1.3,1.3,13.0,,44.6,14:24,2006
D,,4/6/2006,0.0,6.2,6.5,1.2,1.4,15.0,,59.0,0:00,2006
D,,4/12/2006,0.0,,6.5,1.1,1.3,18.0,,62.6,14:24,2006
D,,5/5/2006,0.0,6.6,6.5,1.4,1.4,19.0,,60.8,19:12,2006
D,,5/17/2006,0.0,,6.5,1.2,1.5,21.0,,71.0,0:00,2006
D,,6/1/2006,0.0,,6.5,1.1,1.3,28.0,,77.0,0:00,2006
D,,7/6/2006,0.0,,6.5,0.5,1.5,28.0,,73.4,9:36,2006
D,,7/18/2006,0.0,2.7,6.5,0.15,0.2,29.0,,,0:00,2006
D,,7/27/2006,0.0,,6.5,0.6,1.6,30.0,,79.0,0:00,2006
D,,8/17/2006,0.0,3.9,5.0,0.65,1.3,25.0,,79.0,0:00,2006
D,,9/7/2006,0.0,,6.0,0.7,1.65,24.0,,71.0,0:00,2006
D,,9/21/2006,0.0,5.8,6.5,0.9,1.5,20.0,,66.0,0:00,2006
D,,10/5/2006,0.0,,6.5,1.0,1.4,22.0,,73.0,0:00,2006
D,,10/19/2006,0.0,5.3,6.5,0.2,0.6,20.0,,67.0,0:00,2006
D,,11/6/2006,0.0,5.9,6.5,1.3,1.3,13.0,,60.0,0:00,2006
D,,11/16/2006,0.0,,6.5,1.0,1.5,17.0,,65.0,0:00,2006
D,,11/30/2006,0.0,6.7,6.5,1.2,1.5,14.5,,65.0,,2006
D,,12/14/2006,0.0,,6.5,1.4,1.4,13.0,,58.0,0:00,2006
Bay,,1/3/2006,0.0,0.8,6.0,0.6,0.6,9.0,,,0:00,2006
Bay,,1/19/2006,0.0,7.5,6.5,0.3,0.7,9.0,,45.0,0:00,2006
Bay,,2/2/2006,0.0,7.8,6.5,0.5,0.5,7.0,,51.8,19:12,2006
Bay,,2/9/2006,0.0,8.7,6.5,0.4,0.4,7.0,,30.0,0:00,2006
Bay,,3/9/2006,1.0,9.7,6.5,0.2,0.4,10.0,,59.0,0:00,2006
Bay,,3/15/2006,0.0,7.5,7.0,0.2,0.6,11.0,,48.0,0:00,2006
Bay,,4/6/2006,0.0,7.7,6.5,0.5,0.5,13.0,,53.0,0:00,2006
Bay,,4/21/2006,1.0,6.9,6.5,0.3,0.5,17.0,,62.6,14:24,2006
Bay,,5/5/2006,0.0,7.4,6.5,0.1,0.1,19.0,,60.8,19:12,2006
Bay,,5/17/2006,0.0,7.3,6.5,0.5,0.8,20.0,,71.6,14:24,2006
Bay,,6/1/2006,0.0,6.1,6.5,0.5,0.65,25.0,,77.0,0:00,2006
Bay,,6/16/2006,0.0,6.8,6.5,0.5,0.7,22.0,,68.0,0:00,2006
Bay,,7/6/2006,0.0,6.0,6.5,0.4,0.8,27.0,,73.4,9:36,2006
Bay,,7/18/2006,0.0,5.3,6.0,2.0,5.0,27.0,,73.0,0:00,2006
Bay,,7/27/2006,0.0,6.9,6.0,0.4,0.6,28.0,,78.8,19:12,2006
Bay,,8/17/2006,0.0,7.2,7.0,0.4,0.55,25.0,,79.0,0:00,2006
Bay,,9/7/2006,0.0,6.3,7.0,0.45,0.9,23.0,,70.0,0:00,2006
Bay,,9/21/2006,0.0,6.3,7.0,0.5,0.7,19.0,,65.0,0:00,2006
Bay,,10/5/2006,0.0,7.0,7.0,0.4,0.7,22.0,,73.0,0:00,2006
Bay,,10/19/2006,8.0,0.1,7.0,0.4,0.7,18.0,,65.0,0:00,2006
Bay,,11/6/2006,0.0,7.6,6.5,0.3,0.3,11.0,,60.0,0:00,2006
Bay,,11/16/2006,0.0,7.7,6.5,0.6,0.9,18.0,,65.0,0:00,2006
Bay,,11/30/2006,0.0,6.3,6.5,0.5,0.7,14.0,,65.0,0:00,2006
Bay,,12/14/2006,0.0,8.0,6.5,0.4,0.4,13.0,,50.0,0:00,2006
A,,1/4/2007,0.0,,6.5,0.6,0.9,14.0,,56.0,0:00,2007
A,,1/18/2007,0.0,9.8,7.0,0.7,0.7,7.0,,47.0,0:00,2007
A,,2/2/2007,0.0,,7.0,0.7,0.7,5.0,,43.0,0:00,2007
A,,2/15/2007,0.0,8.8,7.0,1.0,1.0,5.0,,26.0,0:00,2007
A,,3/1/2007,,,7.0,0.8,0.9,11.0,,48.0,0:00,2007
A,,4/6/2007,0.0,,7.0,0.6,0.9,15.0,,47.0,0:00,2007
A,,4/19/2007,0.0,,7.0,0.7,0.8,13.0,,52.0,0:00,2007
A,,5/3/2007,0.0,,6.5,0.6,0.9,19.0,,59.0,0:00,2007
A,,5/31/2007,0.0,,7.0,0.5,0.5,26.0,,75.0,0:00,2007
A,,6/14/2007,0.0,,6.5,0.9,0.9,23.0,,67.0,0:00,2007
A,,7/5/2007,0.0,,7.5,0.9,1.0,28.0,,74.0,0:00,2007
A,,7/19/2007,0.0,,7.0,0.8,1.0,30.0,,82.0,0:00,2007
A,,8/2/2007,0.0,3.7,7.0,0.5,0.75,30.0,,79.0,0:00,2007
A,,8/21/2007,0.0,,6.5,0.5,0.8,28.0,,82.0,0:00,2007
A,,9/6/2007,0.0,2.3,7.0,0.8,0.8,26.0,,81.0,0:00,2007
A,,9/27/2007,0.0,,7.5,0.5,0.9,25.0,,73.0,0:00,2007
A,,10/11/2007,0.0,,7.0,0.2,1.0,27.0,,66.0,0:00,2007
A,,10/18/2007,0.0,3.8,,0.3,1.0,23.0,,70.0,0:00,2007
A,,11/1/2007,0.0,,7.0,0.65,1.1,28.0,,69.0,0:00,2007
A,,11/12/2007,0.0,3.9,7.0,0.8,1.0,13.0,,59.0,0:00,2007
A,,12/6/2007,0.0,,6.5,0.7,1.9,5.0,,37.0,0:00,2007
A,,12/20/2007,0.0,,6.5,0.5,1.0,7.0,,44.0,0:00,2007
B,,1/4/2007,0.0,,7.0,0.2,0.2,13.0,,56.0,0:00,2007
B,,1/18/2007,0.0,6.8,7.0,0.3,0.3,6.0,,47.0,0:00,2007
B,,2/2/2007,0.0,,7.0,0.3,0.3,5.0,,43.0,0:00,2007
B,,2/15/2007,0.0,10.0,6.5,0.2,0.2,2.0,,26.0,0:00,2007
B,,3/1/2007,,,6.5,0.3,0.3,10.0,,48.0,0:00,2007
B,,3/21/2007,0.0,9.4,6.5,0.15,0.15,14.0,,51.0,0:00,2007
B,,4/6/2007,0.0,,7.0,0.3,0.3,13.0,,47.0,0:00,2007
B,,4/19/2007,0.0,8.1,6.5,0.2,0.2,13.0,,32.0,0:00,2007
B,,5/3/2007,0.0,,6.5,0.3,0.3,19.0,,59.0,0:00,2007
B,,5/24/2007,0.0,5.9,8.5,0.3,0.3,23.0,,66.0,0:00,2007
B,,5/31/2007,0.0,,7.5,0.3,0.3,25.0,,74.0,0:00,2007
B,,6/14/2007,0.0,,7.0,0.4,0.4,23.0,,67.0,0:00,2007
B,,7/5/2007,0.0,3.1,7.5,0.3,0.3,25.0,,73.0,0:00,2007
B,,7/19/2007,0.0,,7.0,0.3,0.3,30.0,,82.0,0:00,2007
B,,8/2/2007,0.0,2.6,6.5,0.25,0.25,29.0,,80.0,0:00,2007
B,,8/21/2007,0.0,,6.5,0.2,0.2,28.0,,82.0,0:00,2007
B,,9/6/2007,0.0,,8.5,0.1,0.2,30.0,,82.0,0:00,2007
B,,9/27/2007,0.0,,8.0,0.3,0.3,26.0,,74.0,0:00,2007
B,,10/11/2007,0.0,,7.5,0.3,0.3,23.0,,66.0,0:00,2007
B,,10/18/2007,0.0,4.9,,0.3,0.48,23.0,,70.0,0:00,2007
B,,11/1/2007,0.0,,7.0,0.2,0.2,28.0,,69.0,0:00,2007
B,,11/12/2007,0.0,6.2,7.0,0.4,0.4,12.0,,57.0,0:00,2007
B,,12/6/2007,0.0,,7.0,0.4,0.5,5.0,,37.0,0:00,2007
B,,12/20/2007,0.0,,6.5,0.5,0.5,8.0,,44.0,0:00,2007
C,,2/2/2007,0.0,9.3,8.0,0.2,0.2,5.0,,43.0,0:00,2007
C,,2/15/2007,0.0,,7.0,0.5,0.5,4.0,,26.0,0:00,2007
C,,3/1/2007,,7.7,7.0,0.4,0.4,,,48.0,0:00,2007
C,,3/21/2007,0.0,,7.0,0.5,0.5,15.0,,52.0,0:00,2007
C,,4/6/2007,0.0,8.4,7.0,0.4,0.4,15.0,,47.0,0:00,2007
C,,4/19/2007,0.0,,7.5,0.45,0.45,13.0,,52.0,0:00,2007
C,,5/3/2007,0.0,5.8,7.5,0.4,0.4,19.0,,59.0,0:00,2007
C,,5/24/2007,0.0,,8.5,0.2,0.2,24.0,,66.0,0:00,2007
C,,5/31/2007,0.0,,8.5,0.1,0.1,26.0,,74.0,0:00,2007
C,,6/14/2007,1.0,5.1,8.0,0.3,0.3,21.0,,67.0,,2007
C,,7/5/2007,0.0,,7.5,0.5,0.5,26.0,,74.0,0:00,2007
C,,7/19/2007,0.0,4.3,6.7,0.3,0.3,,,82.0,0:00,2007
C,,8/2/2007,0.0,,9.0,0.4,0.4,30.0,,81.0,0:00,2007
C,,8/21/2007,0.0,4.5,7.0,0.3,0.3,28.0,,81.0,0:00,2007
C,,9/6/2007,0.0,,8.5,0.15,0.15,27.0,,83.0,0:00,2007
C,,9/27/2007,0.0,2.0,,0.4,0.4,25.0,,73.0,0:00,2007
C,,10/11/2007,0.0,4.3,7.0,0.3,0.3,21.0,,66.0,0:00,2007
C,,10/18/2007,0.0,,,0.3,0.3,23.0,,70.0,0:00,2007
C,,11/1/2007,0.0,5.3,7.0,0.35,0.35,28.0,,68.0,0:00,2007
C,,11/12/2007,,,7.5,0.3,0.3,16.0,,56.0,0:00,2007
C,,12/6/2007,0.0,6.2,7.0,0.5,0.75,5.0,,37.0,0:00,2007
C,,12/20/2007,0.0,5.2,6.5,0.6,0.65,7.0,,40.0,0:00,2007
D,,1/4/2007,0.0,7.6,5.0,1.2,1.6,54.0,,12.0,0:00,2007
D,,1/18/2007,0.0,,6.0,0.9,0.9,7.0,,57.0,0:00,2007
D,,2/2/2007,0.0,10.0,6.5,2.0,2.0,5.0,,43.0,0:00,2007
D,,2/15/2007,0.0,,6.5,1.9,1.9,4.0,,26.0,0:00,2007
D,,3/1/2007,,8.8,6.0,1.4,1.4,10.0,,50.0,0:00,2007
D,,4/6/2007,0.0,7.1,6.0,1.0,1.3,14.0,,46.0,0:00,2007
D,,4/19/2007,0.0,,6.5,1.0,1.3,12.0,,52.0,0:00,2007
D,,5/3/2007,0.0,5.9,6.5,0.9,2.0,20.0,,59.0,0:00,2007
D,,5/31/2007,0.0,,6.5,1.0,1.1,27.0,,74.0,0:00,2007
D,,6/14/2007,0.0,5.9,6.5,0.9,1.1,21.0,,67.0,0:00,2007
D,,7/5/2007,0.0,3.9,6.5,0.5,0.9,24.0,,82.0,0:00,2007
D,,7/19/2007,0.0,5.2,,0.8,0.9,29.0,,80.0,0:00,2007
D,,8/2/2007,0.0,,7.5,0.8,1.1,31.0,,81.0,0:00,2007
D,,8/21/2007,0.0,5.7,7.0,0.7,0.9,28.0,,80.0,0:00,2007
D,,9/6/2007,0.0,,8.5,0.75,0.9,28.0,,83.0,0:00,2007
D,,9/27/2007,0.0,4.1,8.5,0.5,0.8,26.0,,73.0,0:00,2007
D,,10/11/2007,0.0,3.3,7.0,0.6,0.9,22.0,,66.0,0:00,2007
D,,10/18/2007,0.0,,,0.75,0.85,23.0,,70.0,0:00,2007
D,,11/1/2007,0.0,5.9,7.0,0.75,1.0,28.0,,68.0,0:00,2007
D,,11/12/2007,,,7.0,0.8,1.1,18.0,,56.0,0:00,2007
D,,12/6/2007,0.0,8.7,7.0,1.0,1.0,5.0,,37.0,0:00,2007
D,,12/20/2007,0.0,6.3,6.0,1.1,1.1,7.0,,40.0,0:00,2007
Bay,,1/4/2007,0.0,9.0,6.5,0.6,0.6,12.0,,54.0,0:00,2007
Bay,,1/18/2007,0.0,10.1,6.5,0.2,0.2,6.0,,47.0,0:00,2007
Bay,,2/2/2007,0.0,8.1,6.5,0.45,0.45,5.0,,42.0,0:00,2007
Bay,,2/15/2007,0.0,9.3,6.5,0.3,0.3,3.0,,26.0,0:00,2007
Bay,,3/1/2007,,7.2,6.5,0.3,0.4,9.0,,48.0,0:00,2007
Bay,,3/21/2007,0.0,8.7,6.5,0.3,0.37,11.0,,51.0,0:00,2007
Bay,,4/6/2007,0.0,9.9,6.5,0.4,0.45,11.0,,46.0,0:00,2007
Bay,,4/19/2007,0.0,8.7,6.5,0.1,0.2,13.0,,57.0,0:00,2007
Bay,,5/3/2007,0.0,7.2,6.5,0.4,0.7,19.0,,59.0,0:00,2007
Bay,,5/24/2007,0.0,6.9,7.0,0.5,0.6,20.0,,65.0,0:00,2007
Bay,,5/31/2007,0.0,,6.5,0.45,0.65,24.0,,74.0,0:00,2007
Bay,,6/14/2007,0.0,8.8,6.5,7.4,7.4,20.0,,67.0,0:00,2007
Bay,,7/5/2007,0.0,,7.5,0.9,1.0,28.0,,74.0,0:00,2007
Bay,,7/19/2007,0.0,4.7,7.0,0.3,0.7,27.0,,80.0,0:00,2007
Bay,,8/2/2007,0.0,3.2,8.0,0.45,0.55,28.0,,78.0,0:00,2007
Bay,,8/21/2007,0.0,5.1,7.5,0.4,0.8,26.0,,80.0,0:00,2007
Bay,,9/6/2007,0.0,4.2,8.5,0.5,0.65,25.0,,81.0,0:00,2007
Bay,,9/27/2007,0.0,3.2,8.0,0.5,0.9,25.0,,73.0,0:00,2007
Bay,,10/11/2007,0.0,3.2,7.0,0.4,0.7,23.0,,65.0,0:00,2007
Bay,,10/18/2007,0.0,4.2,,0.4,0.8,21.0,,70.0,0:00,2007
Bay,,11/1/2007,0.0,3.7,7.0,0.4,0.7,28.0,,68.0,0:00,2007
Bay,,11/12/2007,0.0,4.1,7.0,0.55,0.6,13.0,,57.0,0:00,2007
Bay,,12/6/2007,0.0,6.8,7.0,0.25,0.25,5.0,,37.0,0:00,2007
Bay,,12/20/2007,0.0,6.3,7.0,0.4,0.6,6.0,,39.0,0:00,2007
A,,1/3/2008,0.0,,6.5,1.0,1.3,4.0,,29.0,0:00,2008
A,,1/17/2008,1.0,,6.5,1.2,1.3,6.0,,42.0,0:00,2008
A,,2/7/2008,0.0,,6.5,0.2,0.9,15.0,,61.0,0:00,2008
A,,2/19/2008,0.0,5.1,6.5,0.7,2.1,12.0,,46.0,0:00,2008
A,,3/7/2008,0.0,,6.5,0.9,0.9,4.0,,45.0,0:00,2008
A,,3/21/2008,0.0,4.8,6.5,0.8,1.5,15.0,,48.0,0:00,2008
A,,4/3/2009,0.0,,7.0,0.5,1.2,14.0,,48.0,0:00,2009
A,,4/17/2008,0.0,4.0,6.5,0.5,1.2,16.0,,59.0,0:00,2008
A,,5/22/2008,0.0,4.3,7.0,0.6,1.0,22.0,,67.0,0:00,2008
A,,6/5/2008,0.0,,8.2,0.6,0.8,28.0,,79.0,0:00,2008
A,,6/19/2008,1.0,5.2,7.0,0.6,0.7,27.0,,,,2008
A,,7/3/2008,1.0,,7.0,0.8,0.1,29.0,,86.0,0:00,2008
A,,7/21/2008,1.0,3.8,6.5,0.7,1.3,32.0,,85.0,0:00,2008
A,,8/7/2008,0.0,,6.5,0.6,1.0,29.0,,80.0,0:00,2008
A,,8/21/2008,,,6.5,0.7,0.9,26.0,,75.0,0:00,2008
A,,9/9/2008,1.0,,,0.5,1.0,28.0,,74.0,0:00,2008
A,,9/23/2008,1.0,6.6,7.0,0.5,0.5,20.0,,68.0,0:00,2008
A,,10/9/2008,0.0,,6.5,0.8,1.0,21.5,,70.0,0:00,2008
A,,10/28/2008,1.0,,7.0,0.9,0.9,13.0,,45.0,0:00,2008
A,,11/6/2008,1.0,6.8,6.5,0.8,0.85,15.0,,60.0,0:00,2008
A,,11/18/2008,1.0,,6.5,0.5,0.5,8.5,,42.0,0:00,2008
A,,12/4/2008,1.0,,6.5,1.6,1.7,8.0,,48.0,0:00,2008
A,,12/16/2008,1.0,,6.5,0.55,0.55,10.0,,49.0,0:00,2008
B,,1/3/2008,0.0,,7.0,0.4,0.4,0.0,,29.0,0:00,2008
B,,1/17/2008,1.0,4.9,7.0,0.7,0.9,5.0,,42.0,0:00,2008
B,,2/7/2008,0.0,,7.0,0.45,0.45,15.0,,61.0,0:00,2008
B,,2/19/2008,0.0,6.2,,0.53,0.53,12.0,,47.0,0:00,2008
B,,3/7/2008,0.0,,7.0,,,5.0,,45.0,,2008
B,,3/21/2008,0.0,6.9,8.0,0.6,0.6,13.0,,49.0,0:00,2008
B,,4/3/2008,0.0,,8.5,0.2,0.6,14.0,,48.0,0:00,2008
B,,4/17/2008,0.0,5.3,8.5,0.55,0.55,13.0,,59.0,0:00,2008
B,,5/8/2008,0.0,,6.5,0.3,1.0,22.0,,70.0,0:00,2008
B,,5/22/2008,0.0,5.2,7.0,0.4,0.4,22.0,,68.0,0:00,2008
B,,6/5/2008,0.0,,8.0,0.4,0.4,27.0,,79.0,0:00,2008
B,,6/19/2008,1.0,5.9,7.5,0.2,0.4,26.0,,,,2008
B,,7/3/2008,1.0,,7.0,0.3,0.3,28.0,,87.0,0:00,2008
B,,7/21/2008,1.0,2.8,7.5,2.5,2.5,30.0,,85.0,0:00,2008
B,,8/7/2008,0.0,,8.5,0.35,0.35,28.0,,80.0,0:00,2008
B,,8/21/2008,,,7.0,0.2,0.2,26.0,,75.0,0:00,2008
B,,9/9/2008,1.0,,,0.2,0.2,28.0,,74.0,0:00,2008
B,,9/23/2008,2.0,3.9,7.0,0.1,0.2,20.0,,68.0,0:00,2008
B,,10/9/2008,0.0,,6.5,0.2,0.3,21.0,,70.0,0:00,2008
B,,10/28/2008,1.0,,7.5,0.3,0.3,11.0,,45.0,0:00,2008
B,,11/6/2008,3.0,7.0,7.5,0.3,0.3,15.0,,60.0,0:00,2008
B,,11/18/2008,1.0,,7.0,0.4,0.5,7.0,,42.0,0:00,2008
B,,12/4/2008,0.0,,,0.4,0.4,8.0,,47.0,0:00,2008
B,,12/16/2008,1.0,,7.0,0.6,0.6,11.0,,49.0,0:00,2008
C,,1/3/2008,0.0,,7.0,0.65,0.7,0.0,,29.0,0:00,2008
C,,1/17/2008,1.0,,7.0,0.6,0.6,5.0,,42.0,0:00,2008
C,,2/7/2008,0.0,4.3,7.0,0.7,0.7,16.0,,61.0,0:00,2008
C,,2/19/2008,0.0,,7.0,0.7,0.7,12.0,,48.0,0:00,2008
C,,3/7/2008,0.0,5.2,7.0,0.6,0.6,4.0,,45.0,0:00,2008
C,,3/21/2008,0.0,,8.0,0.5,0.5,14.0,,49.0,0:00,2008
C,,4/3/2008,0.0,6.5,7.0,0.3,0.5,13.0,,48.0,0:00,2008
C,,5/8/2008,0.0,2.3,7.0,0.4,0.6,20.0,,70.0,0:00,2008
C,,5/22/2008,0.0,,7.0,0.45,0.6,22.0,,68.0,0:00,2008
C,,6/5/2008,0.0,5.4,8.0,0.25,0.4,29.0,,78.0,0:00,2008
C,,6/19/2008,2.0,,8.5,0.25,0.5,27.0,,,,2008
C,,7/3/2008,1.0,5.1,7.0,0.4,0.4,29.0,,87.0,0:00,2008
C,,7/21/2008,1.0,,8.0,0.3,0.4,31.0,,85.0,0:00,2008
C,,8/7/2008,2.0,,7.0,0.35,0.35,28.0,,80.0,0:00,2008
C,,8/21/2008,,5.5,8.0,0.2,0.2,5.5,,75.0,0:00,2008
C,,9/9/2008,1.0,3.1,7.5,0.2,0.2,28.0,,74.0,0:00,2008
C,,9/23/2008,1.0,,8.0,0.1,0.1,21.0,,68.0,0:00,2008
C,,10/9/2008,0.0,3.9,8.0,0.2,0.2,21.0,,70.0,0:00,2008
C,,10/28/2008,1.0,6.3,8.0,0.4,0.5,10.0,,45.0,0:00,2008
C,,11/6/2008,2.0,,7.5,0.3,0.3,15.0,,60.0,0:00,2008
C,,11/18/2008,1.0,6.3,7.0,0.5,0.5,8.0,,41.0,0:00,2008
C,,12/4/2008,0.0,7.1,6.0,0.9,1.5,8.0,,47.0,0:00,2008
C,,12/16/2008,1.0,6.4,7.5,0.3,0.5,10.0,,49.0,0:00,2008
D,,1/3/2008,0.0,,6.5,0.8,0.9,3.0,,29.0,0:00,2008
D,,1/17/2008,1.0,5.1,6.5,0.9,1.3,6.0,,42.0,0:00,2008
D,,2/7/2008,0.0,6.5,6.5,1.9,1.9,15.0,,62.0,0:00,2008
D,,2/19/2008,0.0,,6.5,1.2,1.3,12.0,,48.0,0:00,2008
D,,3/7/2008,0.0,8.1,6.5,1.2,2.0,4.0,,45.0,0:00,2008
D,,3/21/2008,0.0,,6.5,0.9,1.5,13.0,,49.0,0:00,2008
D,,4/3/2008,0.0,7.0,6.5,0.7,1.3,12.0,,47.0,0:00,2008
D,,4/17/2008,0.0,,6.5,0.95,1.2,25.0,,60.0,0:00,2008
D,,5/8/2008,0.0,2.2,6.0,0.3,1.5,20.0,,70.0,0:00,2008
D,,5/22/2008,0.0,,6.5,0.6,1.5,22.0,,68.0,0:00,2008
D,,6/5/2008,0.0,5.0,7.0,0.7,1.3,28.0,,83.0,0:00,2008
D,,6/19/2008,1.0,,6.5,0.5,1.3,25.0,,,,2008
D,,7/3/2008,1.0,4.6,7.0,0.6,1.2,27.0,,83.0,0:00,2008
D,,7/21/2008,1.0,,7.5,0.9,1.2,32.0,,85.0,0:00,2008
D,,8/7/2008,0.0,5.0,6.5,0.7,1.2,28.0,,79.0,0:00,2008
D,,8/21/2008,,5.1,6.5,0.6,1.3,26.0,,75.0,0:00,2008
D,,9/9/2008,1.0,6.0,6.5,0.7,1.2,27.0,,73.0,0:00,2008
D,,9/23/2008,0.0,,7.0,0.1,0.15,20.0,,68.0,0:00,2008
D,,10/9/2008,0.0,6.0,6.5,1.0,1.4,21.0,,69.0,0:00,2008
D,,10/28/2008,1.0,8.1,6.5,1.2,1.4,12.0,,45.0,0:00,2008
D,,11/6/2008,2.0,,6.5,1.0,1.2,15.0,,60.0,0:00,2008
D,,11/18/2008,1.0,6.0,6.5,0.7,1.4,10.0,,41.0,0:00,2008
D,,12/4/2008,0.0,,6.5,0.35,0.35,7.0,,47.0,0:00,2008
D,,12/16/2008,1.0,6.4,6.5,0.7,1.5,11.0,,49.0,0:00,2008
Bay,,1/3/2008,0.0,,7.0,0.2,0.4,1.0,,29.0,,2008
Bay,,1/17/2008,1.0,7.1,7.0,0.3,0.3,6.0,,42.0,0:00,2008
Bay,,2/7/2008,0.0,3.0,7.0,0.2,0.8,15.0,,61.0,0:00,2008
Bay,,2/19/2008,0.0,5.3,7.0,0.3,0.7,11.0,,45.0,0:00,2008
Bay,,3/7/2008,0.0,4.0,7.0,0.3,0.7,5.0,,45.0,0:00,2008
Bay,,3/21/2008,0.0,7.5,7.0,0.2,0.7,12.0,,48.0,0:00,2008
Bay,,4/3/2008,1.0,7.9,7.0,0.3,0.4,12.0,,47.0,0:00,2008
Bay,,4/17/2008,0.0,6.4,7.0,0.25,0.25,12.0,,59.0,0:00,2008
Bay,,5/8/2008,0.0,5.3,7.0,0.3,1.0,20.0,,70.0,0:00,2008
Bay,,5/22/2008,0.0,,7.0,0.6,0.85,19.0,,67.0,0:00,2008
Bay,,6/5/2008,0.0,4.9,7.2,0.6,0.88,26.0,,83.0,0:00,2008
Bay,,6/19/2008,4.0,6.2,7.0,0.5,0.6,24.5,,75.0,0:00,2008
Bay,,7/3/2008,1.0,7.3,8.0,0.4,0.4,26.0,,81.0,0:00,2008
Bay,,7/21/2008,2.0,5.6,8.5,0.6,0.7,28.0,,83.0,0:00,2008
Bay,,8/7/2008,3.0,6.6,8.0,0.7,0.7,26.0,,78.0,0:00,2008
Bay,,8/21/2008,,5.9,8.0,0.6,0.6,23.0,,75.0,0:00,2008
Bay,,9/9/2008,2.0,4.5,6.0,0.7,0.825,25.0,,73.0,0:00,2008
Bay,,9/23/2008,3.0,3.7,8.0,1.0,1.0,20.0,,68.0,0:00,2008
Bay,,10/9/2008,0.0,5.3,7.0,0.5,0.6,20.0,,68.0,0:00,2008
Bay,,10/28/2008,3.0,7.0,7.5,0.7,0.9,11.0,,45.0,0:00,2008
Bay,,11/6/2008,3.0,5.9,7.0,0.2,0.3,20.0,,59.0,0:00,2008
Bay,,11/18/2008,1.0,9.3,7.0,0.7,0.7,9.0,,41.0,0:00,2008
Bay,,12/4/2008,1.0,6.6,7.0,0.7,0.7,7.0,,47.0,0:00,2008
Bay,,12/16/2008,1.0,5.6,6.5,0.6,0.85,12.0,,49.0,0:00,2008
A,,1/8/2009,,,6.5,0.7,0.7,0.9,,43.7,16:48,2009
A,,1/27/2009,0.0,6.9,6.5,0.5,0.8,4.0,,38.0,0:00,2009
A,,2/5/2009,0.0,,6.5,0.4,0.4,2.0,,26.0,0:00,2009
A,,2/19/2009,0.0,5.2,6.5,0.8,0.9,10.0,,55.0,0:00,2009
A,,3/5/2009,,,6.5,0.75,0.75,8.0,,40.0,0:00,2009
A,,3/17/2009,,7.1,6.5,0.6,8.5,9.0,,46.0,0:00,2009
A,,4/5/2009,0.0,,7.0,0.5,0.8,15.0,,48.0,0:00,2009
A,,4/21/2009,0.0,3.7,6.5,0.4,0.6,19.0,,61.0,0:00,2009
A,,5/7/2009,0.0,,6.5,0.4,0.6,22.0,,69.0,0:00,2009
A,,5/21/2009,0.0,4.1,7.0,0.5,0.7,21.0,,61.0,0:00,2009
A,,6/2/2009,0.0,,7.0,0.5,0.5,27.0,,76.0,0:00,2009
A,,6/23/2009,0.0,4.2,7.0,0.5,0.5,16.0,,73.0,0:00,2009
A,,7/7/2009,0.0,,6.5,0.6,0.6,28.0,,76.0,0:00,2009
A,,7/21/2009,0.0,3.2,6.5,0.45,0.45,27.0,,72.0,0:00,2009
A,,8/4/2009,0.0,,6.5,0.5,0.5,30.0,,82.0,0:00,2009
A,,8/20/2009,0.0,3.5,6.5,0.5,0.5,29.0,,80.0,0:00,2009
A,,9/1/2009,0.0,,6.5,0.3,0.6,23.0,,70.0,0:00,2009
A,,9/17/2009,0.0,1.9,6.5,0.3,0.6,24.0,,70.0,0:00,2009
A,,10/1/2009,0.0,,6.5,0.5,0.7,20.0,,69.0,0:00,2009
A,,10/20/2009,0.0,6.3,6.5,0.5,0.5,14.0,,42.0,0:00,2009
A,,11/5/2009,0.0,5.9,,0.5,0.5,16.0,,60.0,0:00,2009
A,,11/20/2009,0.0,,6.5,0.5,0.8,15.0,,58.0,0:00,2009
A,,12/1/2009,0.0,6.4,6.5,0.7,0.7,12.0,,46.0,0:00,2009
A,,12/15/2009,1.0,,6.5,0.5,0.8,11.0,,51.0,0:00,2009
B,,1/8/2009,,,6.5,0.5,0.5,8.0,,43.0,0:00,2009
B,,1/27/2009,0.0,8.0,7.0,0.3,0.3,4.0,,38.0,0:00,2009
B,,2/5/2009,0.0,,7.0,0.4,0.4,1.0,,26.0,0:00,2009
B,,2/19/2009,0.0,8.0,7.0,0.25,0.25,10.0,,55.0,0:00,2009
B,,3/5/2009,0.0,,7.0,0.2,0.2,8.0,,40.0,0:00,2009
B,,3/17/2009,,8.6,7.0,0.45,0.45,9.0,,44.0,0:00,2009
B,,4/5/2009,0.0,,7.5,0.2,0.2,13.0,,48.0,0:00,2009
B,,4/21/2009,0.0,5.3,8.0,0.4,0.6,21.0,,62.0,0:00,2009
B,,5/7/2009,0.0,,7.0,0.1,0.3,22.0,,69.0,0:00,2009
B,,5/21/2009,0.0,4.8,9.0,0.1,0.3,20.0,,61.0,0:00,2009
B,,6/2/2009,0.0,,7.0,0.9,0.9,28.0,,76.0,0:00,2009
B,,6/23/2009,0.0,0.8,8.5,0.2,0.2,27.0,,73.0,0:00,2009
B,,7/7/2009,0.0,,7.0,0.2,0.2,27.0,,76.0,0:00,2009
B,,7/21/2009,0.0,1.8,7.0,0.5,0.5,25.0,,72.0,0:00,2009
B,,8/4/2009,0.0,,7.5,0.28,0.28,30.0,,82.0,0:00,2009
B,,8/20/2009,0.0,4.3,7.5,0.4,0.4,29.0,,81.0,0:00,2009
B,,9/1/2009,0.0,,7.5,0.5,0.6,21.0,,70.0,0:00,2009
B,,9/17/2009,0.0,1.1,6.5,0.1,0.6,24.0,,78.0,0:00,2009
B,,10/1/2009,0.0,,6.5,0.5,0.5,20.0,,69.0,0:00,2009
B,,10/20/2009,0.0,6.8,7.0,0.5,0.5,13.0,,58.0,0:00,2009
B,,11/5/2009,0.0,,7.0,0.6,0.6,17.0,,60.0,0:00,2009
B,,11/20/2009,0.0,,6.5,0.48,0.48,16.0,,58.0,0:00,2009
B,,12/1/2009,0.0,5.3,7.0,0.58,0.58,10.0,,47.0,0:00,2009
B,,12/15/2009,1.0,,6.5,0.4,0.4,10.0,,51.0,0:00,2009
C,,1/8/2009,,5.9,6.5,0.5,0.5,8.5,,46.0,0:00,2009
C,,1/27/2009,0.0,,7.0,0.5,0.5,4.0,,38.0,0:00,2009
C,,2/5/2009,0.0,8.4,7.0,0.5,0.5,1.0,,26.0,0:00,2009
C,,2/19/2009,0.0,,7.0,0.5,0.5,11.0,,55.0,0:00,2009
C,,3/5/2009,0.0,7.5,6.5,0.5,0.5,8.0,,40.0,0:00,2009
C,,3/17/2009,,,7.0,0.6,0.6,9.0,,44.0,0:00,2009
C,,4/5/2009,0.0,5.3,6.5,0.5,0.5,12.0,,48.0,0:00,2009
C,,4/21/2009,0.0,,8.5,0.35,0.35,20.0,,63.0,0:00,2009
C,,5/7/2009,0.0,6.0,,0.4,0.4,22.0,,70.0,,2009
C,,5/21/2009,0.0,,8.0,0.4,0.4,20.0,,62.0,0:00,2009
C,,6/2/2009,,3.9,9.0,0.4,0.4,28.0,,75.0,0:00,2009
C,,6/23/2009,0.0,,9.0,0.4,0.8,30.0,,74.0,0:00,2009
C,,7/7/2009,0.0,4.2,6.5,0.35,0.35,26.0,,75.0,0:00,2009
C,,7/21/2009,0.0,,7.0,0.5,0.5,26.0,,73.0,0:00,2009
C,,8/4/2009,0.0,2.5,,0.4,0.4,28.0,,80.0,0:00,2009
C,,8/20/2009,0.0,,7.5,,,29.0,,81.0,0:00,2009
C,,9/1/2009,0.0,4.6,7.5,0.6,0.6,22.0,,70.0,0:00,2009
C,,10/1/2009,0.0,4.2,7.0,0.3,0.3,21.0,,69.0,0:00,2009
C,,10/20/2009,0.0,,7.0,0.25,0.25,14.5,,58.0,0:00,2009
C,,11/5/2009,0.0,,7.5,0.5,0.5,17.0,,60.0,0:00,2009
C,,11/20/2009,0.0,5.3,6.5,0.5,0.5,16.0,,58.0,0:00,2009
C,,12/1/2009,0.0,,6.5,0.5,0.5,12.0,,48.0,0:00,2009
C,,12/15/2009,2.0,6.3,6.5,0.67,0.67,11.0,,51.0,0:00,2009
D,,1/8/2009,,6.1,6.5,0.3,1.6,9.0,,46.0,0:00,2009
D,,1/27/2009,0.0,,6.5,0.6,1.5,4.0,,38.0,0:00,2009
D,,2/5/2009,0.0,9.7,6.5,0.7,1.4,2.0,,26.0,0:00,2009
D,,2/19/2009,0.0,,6.5,1.9,2.5,9.0,,56.0,0:00,2009
D,,3/5/2009,0.0,8.0,7.0,0.9,1.6,,,40.0,0:00,2009
D,,3/17/2009,,,6.5,0.7,1.6,9.0,,44.0,0:00,2009
D,,4/5/2009,0.0,6.7,6.5,0.5,1.5,14.0,,48.0,0:00,2009
D,,4/21/2009,0.0,,6.5,0.7,1.6,18.0,,63.0,0:00,2009
D,,5/7/2009,0.0,5.0,7.0,0.6,1.7,23.0,,70.0,0:00,2009
D,,5/21/2009,0.0,,6.5,0.5,1.6,22.0,,62.0,0:00,2009
D,,6/2/2009,0.0,4.0,6.5,0.7,1.5,26.0,,73.0,,2009
D,,6/23/2009,0.0,,6.5,0.7,1.6,27.0,,74.0,0:00,2009
D,,7/7/2009,0.0,4.0,6.5,1.6,1.7,26.0,,75.0,0:00,2009
D,,7/21/2009,0.0,,6.5,0.7,1.3,26.0,,73.0,0:00,2009
D,,8/4/2009,0.0,4.8,6.5,0.7,1.4,,,80.0,0:00,2009
D,,8/20/2009,0.0,,7.5,0.8,1.4,30.0,,81.0,0:00,2009
D,,9/1/2009,1.0,7.7,6.0,0.5,1.5,21.0,,70.0,0:00,2009
D,,9/17/2009,0.0,,6.5,0.5,2.6,23.0,,70.0,0:00,2009
D,,10/1/2009,0.0,3.8,6.0,1.6,1.7,20.0,,69.0,0:00,2009
D,,10/20/2009,0.0,,6.5,1.4,1.5,14.0,,58.0,0:00,2009
D,,11/5/2009,0.0,,6.5,0.1,1.5,16.0,,60.0,0:00,2009
D,,11/20/2009,0.0,6.0,6.0,0.8,1.6,15.0,,58.0,0:00,2009
D,,12/1/2009,0.0,,6.0,1.2,1.6,12.0,,48.0,0:00,2009
D,,12/15/2009,2.0,7.2,5.5,1.3,1.65,10.0,,51.0,0:00,2009
Bay,,1/8/2009,,6.1,7.0,0.15,0.7,8.5,,46.0,,2009
Bay,,1/27/2009,0.0,6.4,7.0,0.03,0.03,5.0,,38.0,0:00,2009
Bay,,2/5/2009,1.0,9.1,7.0,0.3,0.3,2.0,,26.0,0:00,2009
Bay,,2/19/2009,1.0,9.0,7.0,3.5,3.5,12.0,,55.0,0:00,2009
Bay,,3/5/2009,1.0,9.0,7.0,0.3,0.3,12.0,,40.0,0:00,2009
Bay,,3/17/2009,,6.6,7.0,0.3,0.3,9.0,,46.0,0:00,2009
Bay,,4/5/2009,0.0,7.5,7.0,0.3,0.8,15.0,,48.0,0:00,2009
Bay,,4/21/2009,0.0,6.3,7.0,0.5,0.8,,,61.0,0:00,2009
Bay,,5/7/2009,0.0,6.9,7.0,0.5,1.1,21.0,,69.0,0:00,2009
Bay,,5/21/2009,0.0,8.1,8.5,0.03,0.03,19.0,,60.0,0:00,2009
Bay,,6/2/2009,0.0,5.8,8.5,0.5,0.5,24.0,,73.0,0:00,2009
Bay,,6/23/2009,0.0,6.6,9.0,0.7,0.7,24.0,,73.0,0:00,2009
Bay,,7/7/2009,2.0,5.3,9.0,0.8,0.8,25.0,,75.0,0:00,2009
Bay,,7/21/2009,1.0,3.1,8.5,0.65,0.65,25.0,,72.0,0:00,2009
Bay,,8/4/2009,0.0,3.3,8.5,0.8,0.8,28.0,,80.0,0:00,2009
Bay,,8/20/2009,0.0,3.0,7.5,0.8,0.8,27.0,,80.0,0:00,2009
Bay,,9/1/2009,2.0,2.7,7.0,0.6,0.6,22.0,,70.0,0:00,2009
Bay,,9/17/2009,2.0,4.1,7.0,0.8,0.8,24.0,,70.0,0:00,2009
Bay,,10/1/2009,1.0,6.9,7.0,0.8,0.8,20.0,,69.0,0:00,2009
Bay,,10/20/2009,0.0,2.3,7.0,0.4,0.4,12.0,,56.0,0:00,2009
Bay,,11/5/2009,0.0,7.6,6.5,0.8,0.8,16.0,,60.0,0:00,2009
Bay,,11/20/2009,2.0,7.2,7.0,0.7,0.9,16.0,,58.0,0:00,2009
Bay,,12/1/2009,0.0,7.8,6.5,0.82,0.88,10.0,,46.0,0:00,2009
Bay,,12/15/2009,,2.0,6.3,0.7,0.8,11.0,,51.0,0:00,2009
A,,1/7/2010,,,,,,,,30.0,0:00,2010
A,,2/5/2010,,,6.5,0.7,0.9,5.0,,37.0,0:00,2010
A,,2/18/2010,,,6.0,0.9,1.1,5.0,,39.0,0:00,2010
A,,3/5/2010,0.0,,6.5,,,6.0,,40.0,0:00,2010
A,,3/16/2010,0.0,5.7,6.0,0.5,0.7,12.0,,44.0,0:00,2010
A,,4/6/2010,0.0,,6.5,0.7,0.8,21.0,,73.0,0:00,2010
A,,4/23/2010,0.0,4.0,6.5,0.5,0.6,18.0,,59.0,0:00,2010
A,,5/6/2010,0.0,,6.5,0.6,0.6,25.0,,76.0,0:00,2010
A,,5/19/2010,0.0,4.6,6.5,0.6,0.7,20.0,,59.0,0:00,2010
A,,6/1/2010,0.0,,6.5,0.5,0.5,26.0,,77.0,0:00,2010
A,,6/15/2010,0.0,4.5,6.5,0.5,0.5,29.0,,81.0,0:00,2010
A,,7/8/2010,0.0,,6.5,0.6,0.6,31.0,,82.0,0:00,2010
A,,7/20/2010,0.0,4.1,6.5,0.5,0.9,28.0,,84.0,0:00,2010
A,,8/3/2010,0.0,,7.0,0.1,0.4,29.0,,83.0,0:00,2010
A,,8/17/2010,0.0,4.2,6.5,0.8,0.9,28.0,,86.0,0:00,2010
A,,9/2/2010,0.0,,6.5,0.8,0.8,28.0,,77.0,0:00,2010
A,,9/22/2010,0.0,4.0,7.5,0.5,0.8,26.0,,75.0,0:00,2010
A,,10/14/2010,0.0,,6.5,0.2,0.9,20.0,,67.0,0:00,2010
A,,11/2/2010,0.0,,6.5,0.8,0.9,14.0,,55.0,0:00,2010
A,,11/16/2010,0.0,8.2,6.5,0.9,0.9,14.0,,60.0,0:00,2010
A,,12/7/2010,0.0,,7.0,4.5,4.5,3.0,,30.0,0:00,2010
A,,12/21/2010,,,,,,,,31.0,0:00,2010
B,,1/7/2010,,,,,,,,30.0,0:00,2010
B,,2/5/2010,,,,,,,,,,2010
B,,2/18/2010,,,,0.6,0.6,5.0,,38.0,0:00,2010
B,,3/5/2010,0.0,,6.5,0.6,0.6,7.0,,40.0,0:00,2010
B,,3/16/2010,0.0,8.1,7.0,0.55,0.6,11.0,,44.0,0:00,2010
B,,4/6/2010,0.0,,6.5,0.2,0.5,21.0,,73.0,0:00,2010
B,,4/23/2010,0.0,4.0,6.5,0.4,0.4,16.0,,60.0,0:00,2010
B,,5/6/2010,0.0,,7.0,0.4,0.45,25.0,,76.0,0:00,2010
B,,5/19/2010,0.0,5.2,7.5,0.4,0.4,16.0,,59.0,0:00,2010
B,,6/1/2010,0.0,,7.0,0.3,0.3,25.0,,77.0,0:00,2010
B,,6/15/2010,0.0,4.2,7.0,0.2,0.2,28.0,,81.0,0:00,2010
B,,7/8/2010,0.0,,7.0,0.4,0.4,31.0,,82.0,0:00,2010
B,,7/20/2010,0.0,3.7,7.0,0.4,0.4,29.0,,84.0,0:00,2010
B,,8/3/2010,0.0,,6.5,0.9,0.9,28.0,,83.0,0:00,2010
B,,8/17/2010,0.0,3.4,7.0,0.5,0.5,,,87.0,0:00,2010
B,,9/2/2010,0.0,,8.0,0.4,0.4,27.0,,77.0,0:00,2010
B,,9/22/2010,0.0,3.2,9.0,0.2,0.35,26.0,,75.0,0:00,2010
B,,10/14/2010,0.0,,6.5,0.2,0.3,19.0,,67.0,0:00,2010
B,,11/2/2010,0.0,,7.0,0.3,0.3,13.0,,55.0,0:00,2010
B,,11/16/2010,0.0,4.3,8.5,0.2,0.2,16.0,,60.0,0:00,2010
B,,12/7/2010,0.0,,6.5,0.3,0.7,1.0,,30.0,0:00,2010
B,,12/21/2010,0.0,4.3,7.0,0.4,0.4,3.0,,31.0,0:00,2010
C,,1/7/2010,,,,,,,,30.0,0:00,2010
C,,2/5/2010,,,6.5,0.8,0.8,5.0,,37.0,0:00,2010
C,,2/18/2010,,,6.5,0.95,0.95,5.0,,38.0,0:00,2010
C,,3/5/2010,0.0,9.5,6.5,0.6,0.6,7.0,,40.0,0:00,2010
C,,3/16/2010,0.0,,6.5,0.6,0.6,9.0,,44.0,0:00,2010
C,,4/6/2010,0.0,5.1,6.5,0.5,0.5,22.0,,72.0,0:00,2010
C,,4/23/2010,0.0,,6.5,0.4,0.4,18.0,,60.0,0:00,2010
C,,5/6/2010,0.0,4.9,6.5,0.3,0.3,24.0,,76.0,0:00,2010
C,,5/19/2010,0.0,,6.5,0.7,0.7,19.0,,60.0,0:00,2010
C,,6/1/2010,0.0,5.1,7.0,0.3,0.3,25.0,,77.0,0:00,2010
C,,6/15/2010,0.0,,7.0,0.3,0.3,29.0,,80.0,0:00,2010
C,,7/8/2010,0.0,5.2,7.5,0.4,0.4,30.0,,82.0,0:00,2010
C,,7/20/2010,0.0,,7.0,0.4,0.4,31.0,,85.0,0:00,2010
C,,8/3/2010,0.0,4.5,6.5,0.4,0.4,28.0,,83.0,0:00,2010
C,,8/17/2010,0.0,,7.0,0.2,0.4,29.0,,87.0,0:00,2010
C,,9/2/2010,0.0,2.3,7.0,0.6,0.6,27.0,,76.0,0:00,2010
C,,9/22/2010,0.0,,8.0,0.3,0.3,26.0,,75.0,0:00,2010
C,,11/2/2010,0.0,7.3,7.5,0.5,0.5,13.0,,55.0,0:00,2010
C,,11/16/2010,0.0,,8.5,0.5,0.5,15.0,,61.0,0:00,2010
C,,12/7/2010,0.0,8.8,7.0,0.5,0.5,2.0,,30.0,0:00,2010
C,,12/21/2010,,,,,,,,31.0,0:00,2010
D,,1/7/2010,,,,,,,,30.0,0:00,2010
D,,2/5/2010,,9.5,6.5,0.6,1.2,5.0,,39.0,0:00,2010
D,,2/18/2010,,,6.0,1.4,1.6,5.0,,38.0,0:00,2010
D,,3/5/2010,0.0,8.7,6.5,1.2,1.5,6.0,,40.0,0:00,2010
D,,3/16/2010,,,,,,,,,,2010
D,,4/6/2010,0.0,6.3,6.0,0.7,1.7,22.0,,72.0,0:00,2010
D,,4/23/2010,0.0,,6.5,0.8,1.7,17.0,,60.0,0:00,2010
D,,5/6/2010,0.0,5.0,6.5,0.8,1.5,25.0,,76.0,0:00,2010
D,,5/19/2010,0.0,,6.5,0.8,1.6,19.0,,60.0,0:00,2010
D,,6/1/2010,0.0,5.2,6.0,0.7,1.5,25.0,,77.0,0:00,2010
D,,6/15/2010,0.0,,6.5,0.6,1.4,28.0,,80.0,0:00,2010
D,,7/8/2010,0.0,5.2,6.5,0.7,1.2,31.0,,81.0,0:00,2010
D,,7/20/2010,0.0,,8.0,0.6,1.3,31.0,,85.0,0:00,2010
D,,8/3/2010,0.0,6.0,6.5,0.8,1.2,28.0,,82.0,0:00,2010
D,,8/17/2010,0.0,,7.5,0.9,1.2,31.0,,87.0,0:00,2010
D,,9/2/2010,0.0,2.7,6.5,0.85,1.2,26.0,,76.0,0:00,2010
D,,9/22/2010,0.0,,6.5,1.0,1.2,25.0,,76.0,0:00,2010
D,,10/14/2010,0.0,5.9,6.5,0.8,1.3,19.0,,68.0,0:00,2010
D,,11/2/2010,0.0,7.2,6.5,1.0,1.4,13.0,,55.0,0:00,2010
D,,11/16/2010,0.0,,6.0,1.2,1.3,,,61.0,0:00,2010
D,,12/7/2010,0.0,10.3,6.0,1.1,1.1,2.0,,30.0,0:00,2010
D,,12/21/2010,0.0,,6.5,1.3,1.3,3.0,,31.0,0:00,2010
Bay,,1/7/2010,0.0,7.0,6.5,,,4.0,,30.0,0:00,2010
Bay,,2/5/2010,,7.0,6.5,0.4,0.4,5.0,,39.0,0:00,2010
Bay,,2/18/2010,,,6.5,0.2,0.65,4.0,,38.0,0:00,2010
Bay,,3/5/2010,0.0,7.7,6.5,0.2,0.4,10.0,,40.0,0:00,2010
Bay,,3/16/2010,0.0,7.9,6.5,0.3,0.8,10.0,,44.0,0:00,2010
Bay,,4/6/2010,1.0,5.9,6.5,0.8,1.0,20.0,,72.0,0:00,2010
Bay,,4/23/2010,1.0,6.7,6.5,0.6,0.6,16.0,,58.0,0:00,2010
Bay,,5/6/2010,0.0,6.5,7.0,0.75,0.9,23.0,,76.0,0:00,2010
Bay,,5/19/2010,0.0,7.0,6.5,0.5,0.6,17.0,,59.0,0:00,2010
Bay,,6/1/2010,0.0,6.8,7.0,0.7,0.9,25.0,,77.0,0:00,2010
Bay,,6/15/2010,0.0,5.4,7.0,0.5,0.5,28.0,,80.0,0:00,2010
Bay,,7/8/2010,0.0,3.6,8.5,0.4,0.45,29.0,,81.0,0:00,2010
Bay,,7/20/2010,0.0,3.9,7.0,0.7,1.0,27.0,,82.0,0:00,2010
Bay,,8/3/2010,0.0,5.1,7.0,0.5,0.5,26.0,,82.0,0:00,2010
Bay,,8/17/2010,0.0,3.1,8.0,0.5,0.9,27.0,,86.0,0:00,2010
Bay,,9/2/2010,0.0,3.3,7.0,0.5,0.7,26.0,,76.0,0:00,2010
Bay,,9/22/2010,0.0,5.0,8.5,0.6,0.8,26.0,,74.0,0:00,2010
Bay,,10/14/2010,0.0,3.9,7.5,0.5,0.8,19.0,,,0:00,2010
Bay,,11/2/2010,0.0,5.0,7.5,0.4,0.4,12.0,,55.0,0:00,2010
Bay,,11/16/2010,0.0,6.7,8.0,0.5,0.8,15.0,,60.0,0:00,2010
Bay,,12/7/2010,0.0,5.7,7.0,0.3,0.5,4.0,,30.0,0:00,2010
Bay,,12/21/2010,0.0,6.7,7.0,0.1,0.3,,,31.0,0:00,2010
A,,1/4/2011,0.0,5.9,6.5,0.8,0.8,,,32.0,0:00,2011
A,,1/18/2011,0.0,,6.5,0.5,0.65,6.0,,40.0,0:00,2011
A,,2/8/2011,0.0,3.9,6.5,,,7.0,,46.0,0:00,2011
A,,3/3/2011,0.0,,7.0,,,8.5,,30.0,0:00,2011
A,,3/24/2011,0.0,3.0,6.5,0.4,1.0,14.0,,48.0,0:00,2011
A,,4/14/2011,0.0,,6.0,0.2,0.6,18.0,,58.0,0:00,2011
A,,4/28/2011,0.0,4.0,6.5,0.3,0.3,24.0,,76.0,0:00,2011
A,,5/12/2011,0.0,,7.5,,,24.0,,66.0,0:00,2011
A,,5/26/2011,0.0,2.4,7.5,0.7,0.8,28.0,,79.0,0:00,2011
A,,6/9/2011,0.0,,7.5,0.6,0.9,29.0,,85.0,0:00,2011
A,,6/23/2011,0.0,5.7,7.5,0.5,0.8,27.0,,87.0,0:00,2011
A,,7/14/2011,0.0,,7.0,0.7,0.7,27.0,,76.0,0:00,2011
A,,7/28/2011,0.0,3.2,7.5,0.8,0.8,31.0,,87.0,0:00,2011
A,,8/11/2011,0.0,,7.5,0.6,0.6,29.0,,83.0,0:00,2011
A,,9/8/2011,0.0,5.0,6.5,0.5,0.8,27.0,,78.0,0:00,2011
A,,9/22/2011,0.0,,5.0,0.7,0.7,25.0,,78.0,0:00,2011
A,,10/13/2011,0.0,4.0,6.5,0.7,0.8,22.0,,75.0,0:00,2011
A,,10/27/2011,0.0,,7.0,0.8,0.9,17.0,,62.0,0:00,2011
A,,11/10/2011,0.0,8.6,,0.6,0.8,19.0,,60.0,0:00,2011
A,,11/22/2011,0.0,,7.0,0.5,0.9,19.0,,61.0,0:00,2011
A,,12/8/2011,0.0,8.0,7.0,0.8,0.9,12.0,,47.0,0:00,2011
A,,12/22/2011,0.0,,7.0,0.9,0.9,13.0,,60.0,0:00,2011
B,,1/4/2011,0.0,7.2,6.5,0.4,0.4,5.0,,32.0,0:00,2011
B,,1/18/2011,0.0,,7.0,0.5,0.5,5.0,,40.0,0:00,2011
B,,2/8/2011,0.0,3.6,7.0,,,9.0,,46.0,0:00,2011
B,,3/3/2011,0.0,,7.0,,,6.0,,40.0,0:00,2011
B,,3/24/2011,0.0,3.9,7.0,0.5,0.5,14.0,,48.0,0:00,2011
B,,4/14/2011,0.0,,7.0,2.5,3.0,19.0,,58.0,0:00,2011
B,,4/28/2011,0.0,,7.0,0.17,0.17,23.0,,76.0,0:00,2011
B,,5/12/2011,0.0,,8.5,,,23.0,,66.0,0:00,2011
B,,5/26/2011,0.0,1.5,,0.2,0.4,27.0,,79.0,0:00,2011
B,,6/9/2011,0.0,,8.0,0.3,0.3,30.0,,85.0,0:00,2011
B,,6/23/2011,0.0,5.8,8.0,0.3,0.3,27.0,,89.0,0:00,2011
B,,7/14/2011,0.0,,7.0,0.4,0.4,28.0,,76.0,0:00,2011
B,,7/28/2011,0.0,2.4,7.0,0.4,0.4,30.0,,85.0,0:00,2011
B,,8/11/2011,0.0,,7.5,0.3,0.3,30.0,,83.0,0:00,2011
B,,9/8/2011,0.0,3.1,6.5,0.1,0.2,27.0,,78.0,,2011
B,,9/22/2011,0.0,,7.0,0.15,0.15,25.0,,78.0,0:00,2011
B,,10/13/2011,0.0,3.0,7.0,0.05,0.05,22.0,,75.0,0:00,2011
B,,10/27/2011,0.0,,7.5,0.4,0.4,16.0,,62.0,0:00,2011
B,,11/10/2011,0.0,7.9,7.5,0.2,0.2,19.0,,60.0,0:00,2011
B,,11/22/2011,0.0,,7.5,0.2,0.5,14.0,,61.0,0:00,2011
B,,12/8/2011,0.0,5.0,7.0,0.1,0.4,13.0,,47.0,0:00,2011
B,,12/22/2011,0.0,,7.0,0.3,0.3,14.0,,60.0,0:00,2011
C,,1/4/2011,0.0,,7.0,0.5,0.5,4.0,,32.0,0:00,2011
C,,1/18/2011,0.0,5.1,6.5,0.6,0.8,5.0,,40.0,0:00,2011
C,,2/8/2011,0.0,,7.0,,,10.0,,46.0,0:00,2011
C,,3/3/2011,0.0,3.9,7.5,,,7.0,,38.0,0:00,2011
C,,3/24/2011,0.0,,,,,,,48.0,0:00,2011
C,,4/14/2011,0.0,5.6,8.0,0.3,0.3,19.0,,58.0,0:00,2011
C,,4/28/2011,0.0,3.6,7.0,0.17,0.17,23.0,,76.0,0:00,2011
C,,5/12/2011,0.0,3.7,9.0,,,23.0,,66.0,0:00,2011
C,,5/26/2011,,,,,,,,80.0,,2011
D,,1/4/2011,0.0,,6.5,1.3,1.3,4.0,,32.0,0:00,2011
D,,1/18/2011,0.0,10.0,6.5,1.4,1.4,6.0,,39.0,0:00,2011
D,,2/8/2011,0.0,,6.5,,,9.0,,46.0,0:00,2011
D,,3/3/2011,,5.0,6.0,,,8.0,,38.0,0:00,2011
D,,3/24/2011,0.0,,6.5,0.7,1.4,14.0,,48.0,0:00,2011
D,,4/14/2011,0.0,6.9,6.5,0.9,1.4,19.0,,58.0,0:00,2011
D,,4/28/2011,0.0,,6.5,0.7,1.3,23.0,,76.0,0:00,2011
D,,5/12/2011,0.0,3.7,6.5,,,19.0,,65.0,0:00,2011
D,,5/26/2011,0.0,,7.5,1.2,0.9,28.0,,80.0,0:00,2011
D,,6/9/2011,0.0,4.8,7.0,0.6,1.2,29.0,,85.0,0:00,2011
D,,6/23/2011,0.0,,8.0,0.6,1.0,28.0,,87.0,0:00,2011
D,,7/14/2011,0.0,5.6,6.5,0.8,1.1,27.0,,76.0,0:00,2011
D,,7/28/2011,0.0,,7.0,0.9,1.5,31.0,,86.0,0:00,2011
D,,8/11/2011,0.0,2.0,7.0,0.9,0.9,29.0,,82.0,,2011
D,,9/8/2011,0.0,,6.5,1.4,1.5,27.0,,78.0,0:00,2011
D,,9/22/2011,0.0,4.6,6.5,0.6,1.4,25.0,,78.0,0:00,2011
D,,10/13/2011,0.0,,6.0,0.5,1.5,23.0,,75.0,0:00,2011
D,,10/27/2011,0.0,,6.0,0.7,1.4,17.0,,62.0,0:00,2011
D,,11/10/2011,0.0,,6.5,0.8,1.5,17.0,,60.0,0:00,2011
D,,11/22/2011,0.0,8.0,,0.8,0.9,15.0,,61.0,0:00,2011
D,,12/8/2011,0.0,,6.5,0.8,1.4,12.0,,47.0,0:00,2011
D,,12/22/2011,0.0,9.8,7.0,1.0,1.4,16.0,,60.0,0:00,2011
Bay,,1/4/2011,0.0,3.1,6.5,0.2,0.45,5.0,,31.0,0:00,2011
Bay,,1/18/2011,0.0,6.2,7.0,0.2,0.6,7.0,,39.0,0:00,2011
Bay,,2/8/2011,0.0,3.8,6.5,0.2,0.6,8.0,,46.0,0:00,2011
Bay,,3/3/2011,0.0,3.7,7.0,,,8.0,,40.0,0:00,2011
Bay,,3/24/2011,0.0,3.3,7.0,0.2,0.55,33.0,,52.0,0:00,2011
Bay,,4/14/2011,0.0,3.5,7.0,0.4,0.6,16.5,,58.0,0:00,2011
Bay,,4/28/2011,0.0,5.2,7.0,0.3,1.3,23.0,,76.0,0:00,2011
Bay,,5/12/2011,0.0,4.5,7.0,,,18.0,,65.0,0:00,2011
Bay,,5/26/2011,0.0,3.7,7.5,0.5,0.9,25.0,,79.0,0:00,2011
Bay,,6/9/2011,0.0,3.2,8.0,0.4,0.8,27.0,,85.0,0:00,2011
Bay,,6/23/2011,0.0,5.6,8.0,0.5,0.9,26.0,,80.0,0:00,2011
Bay,,7/14/2011,0.0,3.0,8.5,0.4,0.6,26.0,,75.0,0:00,2011
Bay,,7/28/2011,0.0,2.0,9.0,0.5,0.7,29.0,,85.0,0:00,2011
Bay,,8/11/2011,0.0,3.5,9.0,0.4,0.7,28.0,,82.0,0:00,2011
Bay,,9/8/2011,0.0,5.0,7.0,0.6,1.1,26.0,,78.0,0:00,2011
Bay,,9/22/2011,0.0,5.3,8.0,0.5,0.7,24.0,,78.0,0:00,2011
Bay,,10/13/2011,0.0,4.2,7.5,0.5,0.7,21.0,,75.0,0:00,2011
Bay,,10/27/2011,0.0,7.4,7.5,0.5,0.9,16.0,,62.0,0:00,2011
Bay,,11/10/2011,0.0,5.2,7.5,0.7,0.7,16.0,,60.0,0:00,2011
Bay,,11/22/2011,0.0,7.3,7.0,0.2,0.6,16.0,,61.0,0:00,2011
Bay,,12/8/2011,0.0,7.9,7.0,0.35,0.7,12.0,,47.0,0:00,2011
Bay,,12/22/2011,0.0,7.8,7.0,0.3,0.7,17.0,,60.0,0:00,2011
A,,1/11/2012,0.0,8.2,6.5,0.9,0.9,12.0,,53.0,0:00,2012
A,,1/26/2012,0.0,,6.5,1.0,1.0,12.0,,50.0,0:00,2012
A,,2/9/2012,0.0,5.8,7.0,1.0,1.0,8.0,,39.0,0:00,2012
A,,2/21/2012,0.0,,7.0,0.9,0.9,9.0,,46.0,0:00,2012
A,,3/1/2012,0.0,4.3,7.5,,,16.0,,70.0,0:00,2012
A,,3/8/2012,0.0,,6.5,0.5,0.5,15.0,,58.0,,2012
A,,4/12/2012,0.0,7.0,7.0,0.6,0.7,14.0,,51.0,0:00,2012
A,,4/26/2012,0.0,,7.5,0.6,0.8,17.0,,63.0,0:00,2012
A,,5/10/2012,0.0,4.5,7.0,0.7,0.9,21.0,,63.0,0:00,2012
A,,5/24/2012,0.0,,6.5,0.6,0.7,25.0,,72.0,0:00,2012
A,,6/14/2012,0.0,4.9,7.0,0.6,0.7,22.0,,69.0,0:00,2012
A,,6/28/2012,0.0,,7.0,0.65,0.9,27.0,,74.0,0:00,2012
A,,7/19/2012,0.0,,6.5,0.6,0.6,30.0,,83.0,0:00,2012
A,,8/9/2012,0.0,3.0,7.0,0.5,0.9,28.0,,80.0,0:00,2012
A,,8/23/2012,0.0,,6.5,0.6,0.7,26.0,,77.0,0:00,2012
A,,9/4/2012,0.0,4.3,6.5,0.7,0.7,28.0,,80.0,0:00,2012
A,,9/13/2012,,,7.0,0.6,0.6,24.0,,74.0,0:00,2012
A,,10/4/2012,0.0,,7.0,0.6,0.6,24.0,,75.0,0:00,2012
A,,10/19/2012,0.0,,7.0,0.9,1.4,20.0,,70.0,0:00,2012
A,,11/8/2012,0.0,,6.5,0.5,1.9,10.0,,45.0,0:00,2012
A,,11/29/2012,0.0,9.0,6.5,0.2,0.2,8.0,,48.0,0:00,2012
A,,12/13/2012,0.0,,7.0,0.9,0.9,9.0,,48.0,0:00,2012
B,,1/11/2012,0.0,6.0,7.0,0.3,0.3,11.0,,54.0,0:00,2012
B,,1/26/2012,0.0,,7.0,0.3,0.3,12.0,,50.0,0:00,2012
B,,2/9/2012,0.0,7.5,7.0,0.3,0.3,8.0,,39.0,0:00,2012
B,,2/21/2012,0.0,,7.5,0.35,0.35,10.0,,40.0,0:00,2012
B,,3/1/2012,0.0,6.3,7.5,0.2,0.4,16.0,,69.0,0:00,2012
B,,3/8/2012,0.0,,7.5,0.0,0.2,14.0,,58.0,0:00,2012
B,,4/12/2012,0.0,7.0,7.5,0.3,0.3,13.0,,51.0,0:00,2012
B,,4/26/2012,0.0,,8.0,0.3,0.3,18.0,,63.0,0:00,2012
B,,5/10/2012,0.0,6.7,7.0,0.5,0.5,20.0,,64.0,0:00,2012
B,,5/24/2012,0.0,,8.0,0.5,0.5,25.0,,72.0,0:00,2012
B,,6/14/2012,0.0,4.5,7.5,0.2,0.2,22.0,,70.0,0:00,2012
B,,6/28/2012,0.0,,7.4,0.5,0.5,26.0,,73.0,0:00,2012
B,,7/19/2012,0.0,,7.0,0.4,0.4,28.0,,83.0,0:00,2012
B,,8/9/2012,0.0,2.9,7.5,0.3,0.4,27.0,,80.0,0:00,2012
B,,8/23/2012,0.0,,7.5,0.3,0.4,27.0,,77.0,0:00,2012
B,,9/4/2012,0.0,5.2,7.0,0.2,0.2,,,80.0,0:00,2012
B,,9/13/2012,,,8.5,0.1,0.1,23.0,,73.0,0:00,2012
B,,10/4/2012,0.0,,8.0,0.1,0.5,24.0,,75.0,0:00,2012
B,,10/19/2012,0.0,7.1,7.0,0.4,0.4,20.0,,70.0,0:00,2012
B,,11/8/2012,0.0,,6.5,0.35,0.35,9.0,,45.0,0:00,2012
B,,11/29/2012,0.0,9.7,7.0,0.4,0.4,9.0,,49.0,0:00,2012
B,,12/13/2012,0.0,,7.0,0.4,0.5,9.0,,48.0,0:00,2012
D,,1/11/2012,0.0,,6.5,1.0,1.4,10.0,,54.0,,2012
D,,1/26/2012,0.0,7.2,6.5,1.2,1.4,11.0,,50.0,0:00,2012
D,,2/9/2012,0.0,,6.5,1.3,1.4,6.0,,39.0,0:00,2012
D,,2/21/2012,0.0,10.0,6.5,1.0,1.5,8.0,,46.0,0:00,2012
D,,3/1/2012,0.0,,6.5,,,15.0,,70.0,0:00,2012
D,,3/8/2012,0.0,9.5,6.5,1.2,1.5,14.0,,58.0,0:00,2012
D,,4/12/2012,0.0,,7.0,0.9,1.3,12.0,,51.0,0:00,2012
D,,4/26/2012,0.0,7.4,6.5,0.8,1.4,17.0,,63.0,0:00,2012
D,,5/10/2012,0.0,,6.5,0.8,1.5,20.0,,64.0,0:00,2012
D,,5/24/2012,0.0,6.1,6.5,0.9,1.5,25.0,,72.0,0:00,2012
D,,6/14/2012,0.0,,6.5,0.7,4.5,23.0,,70.0,0:00,2012
D,,6/28/2012,0.0,5.0,6.5,0.6,1.3,27.0,,73.0,0:00,2012
D,,7/19/2012,0.0,4.2,7.0,0.8,1.4,30.0,,82.0,0:00,2012
D,,8/9/2012,0.0,,6.5,0.9,1.4,27.0,,80.0,0:00,2012
D,,8/23/2012,0.0,5.5,6.5,0.7,1.4,26.0,,76.0,0:00,2012
D,,9/4/2012,0.0,,6.5,0.9,1.4,28.0,,80.0,,2012
D,,9/13/2012,,5.2,6.5,1.0,1.25,23.0,,70.0,0:00,2012
D,,10/4/2012,0.0,5.8,6.5,0.9,1.2,24.0,,75.0,0:00,2012
D,,10/19/2012,0.0,5.5,7.5,0.6,0.8,22.0,,70.0,0:00,2012
D,,11/8/2012,0.0,8.6,6.0,0.5,1.5,9.0,,45.0,0:00,2012
D,,11/29/2012,0.0,,7.0,1.4,1.5,8.0,,50.0,0:00,2012
D,,12/13/2012,0.0,8.8,6.5,0.9,1.6,9.0,,48.0,0:00,2012
Bay,,1/11/2012,0.0,6.9,7.5,0.2,0.7,12.0,,54.0,0:00,2012
Bay,,1/26/2012,0.0,6.5,7.0,0.2,0.8,11.0,,50.0,0:00,2012
Bay,,2/9/2012,0.0,5.3,7.5,0.2,0.3,8.0,,39.0,0:00,2012
Bay,,2/21/2012,0.0,6.2,7.0,0.2,0.2,8.0,,46.0,0:00,2012
Bay,,3/1/2012,0.0,5.3,7.5,0.2,0.6,,,69.0,0:00,2012
Bay,,3/8/2012,0.0,7.2,7.0,0.4,0.6,13.0,,58.0,0:00,2012
Bay,,4/12/2012,0.0,6.5,8.0,0.4,0.6,11.0,,51.0,0:00,2012
Bay,,4/26/2012,0.0,7.1,7.5,0.4,0.8,17.0,,63.0,0:00,2012
Bay,,5/10/2012,0.0,5.3,8.0,0.4,0.7,19.0,,63.0,0:00,2012
Bay,,5/24/2012,0.0,6.1,8.5,0.5,0.8,24.0,,72.0,0:00,2012
Bay,,6/14/2012,0.0,3.9,8.5,0.5,0.7,22.0,,69.0,0:00,2012
Bay,,6/28/2012,0.0,4.9,,0.45,0.7,26.0,,72.0,0:00,2012
Bay,,7/19/2012,0.0,5.9,8.5,0.5,0.9,28.0,,82.0,0:00,2012
Bay,,8/9/2012,0.0,4.2,7.5,0.6,0.8,,,80.0,0:00,2012
Bay,,8/23/2012,0.0,6.1,8.0,0.5,0.7,25.0,,77.0,0:00,2012
Bay,,9/4/2012,0.0,3.7,7.0,0.3,0.8,25.0,,85.0,0:00,2012
Bay,,9/13/2012,,5.0,7.0,0.4,0.5,21.0,,70.0,0:00,2012
Bay,,10/4/2012,0.0,4.8,8.0,0.5,0.7,24.0,,75.0,0:00,2012
Bay,,10/19/2012,0.0,3.7,9.0,0.5,0.8,,,70.0,0:00,2012
Bay,,11/8/2012,0.0,7.6,7.0,0.2,0.2,10.0,,45.0,0:00,2012
Bay,,11/29/2012,0.0,8.9,7.0,0.1,0.5,7.0,,48.0,0:00,2012
Bay,,12/13/2012,0.0,8.4,7.0,0.2,0.3,9.0,,48.0,0:00,2012
A,,1/10/2013,0.0,6.9,6.5,0.8,0.9,8.0,,48.0,0:00,2013
A,,1/24/2013,0.0,,7.0,0.4,0.7,4.0,,32.0,0:00,2013
A,,2/14/2013,0.0,5.7,6.5,0.7,1.1,,,45.0,0:00,2013
A,,2/28/2013,0.0,,,2.2,,10.0,,48.0,0:00,2013
A,,3/13/2013,,5.0,6.5,,,11.0,,48.0,0:00,2013
A,,3/28/2013,0.0,,6.5,0.5,0.5,9.0,,48.0,0:00,2013
A,,4/11/2013,0.0,5.9,6.0,0.4,0.9,21.0,,67.0,0:00,2013
A,,4/26/2013,0.0,,7.0,0.4,0.4,15.0,,54.0,,2013
A,,5/8/2013,0.0,5.6,7.0,0.5,0.6,22.0,,70.0,0:00,2013
A,,5/25/2013,0.0,,7.0,0.4,0.6,25.0,,72.0,0:00,2013
A,,6/13/2013,0.0,6.1,7.5,0.7,0.7,29.0,,83.0,0:00,2013
A,,6/25/2013,0.0,,7.0,0.5,0.5,28.0,,78.0,0:00,2013
A,,7/11/2013,0.0,4.1,7.0,0.7,0.9,26.0,,81.0,0:00,2013
A,,7/25/2013,0.0,,7.0,0.4,0.6,27.0,,72.0,0:00,2013
A,,8/8/2013,0.0,5.3,6.0,0.1,0.7,28.0,,80.0,0:00,2013
A,,8/22/2013,0.0,,7.0,0.4,0.5,28.0,,78.0,0:00,2013
A,,9/12/2013,0.0,4.8,7.0,0.6,0.6,26.0,,75.0,0:00,2013
A,,9/26/2013,0.0,,6.5,,,21.0,,69.0,0:00,2013
A,,10/22/2013,0.0,,6.0,0.6,0.7,17.0,,60.0,0:00,2013
A,,11/12/2013,0.0,7.0,7.0,0.5,0.7,13.0,,54.0,0:00,2013
A,,11/19/2013,0.0,,6.5,0.7,1.0,11.0,,52.0,0:00,2013
A,,12/4/2013,0.0,8.8,,0.4,0.4,10.0,,51.0,0:00,2013
A,,12/11/2013,0.0,,7.0,0.8,1.0,8.0,,38.0,0:00,2013
B,,1/10/2013,0.0,7.2,,0.3,0.3,10.0,,49.0,0:00,2013
B,,1/24/2013,0.0,,7.0,0.3,0.3,4.0,,32.0,0:00,2013
B,,2/28/2013,0.0,,7.0,0.2,0.2,10.0,,48.0,0:00,2013
B,,3/13/2013,,7.6,7.5,0.2,0.2,11.0,,45.0,0:00,2013
B,,3/28/2013,0.0,,7.5,0.4,0.4,8.0,,48.0,0:00,2013
B,,4/11/2013,0.0,5.8,7.5,0.4,0.4,20.0,,68.0,0:00,2013
B,,4/26/2013,0.0,,7.0,0.4,0.4,15.0,,54.0,0:00,2013
B,,5/8/2013,0.0,4.2,8.0,0.2,0.2,22.0,,68.0,0:00,2013
B,,5/25/2013,0.0,,7.5,,,25.0,,73.0,0:00,2013
B,,6/13/2013,0.0,5.4,8.0,0.2,0.2,29.0,,83.0,0:00,2013
B,,6/25/2013,0.0,,7.5,0.4,0.4,27.0,,78.0,0:00,2013
B,,7/11/2013,0.0,3.3,7.0,0.3,0.3,,,81.0,0:00,2013
B,,7/25/2013,0.0,,7.5,0.2,0.2,26.0,,72.0,0:00,2013
B,,8/8/2013,0.0,6.4,8.0,0.3,0.3,27.0,,80.0,0:00,2013
B,,8/22/2013,0.0,,8.0,0.1,0.1,28.0,,78.0,0:00,2013
B,,9/12/2013,,,,,,25.0,,75.0,0:00,2013
B,,9/26/2013,0.0,,7.5,,,21.0,,69.0,0:00,2013
B,,10/22/2013,0.0,,7.0,0.2,0.2,17.0,,60.0,0:00,2013
B,,11/12/2013,0.0,,7.5,0.4,0.4,12.0,,54.0,0:00,2013
B,,11/19/2013,0.0,,7.0,0.3,0.3,11.0,,52.0,0:00,2013
B,,12/4/2013,0.0,5.0,7.0,0.2,0.2,11.0,,51.0,0:00,2013
B,,12/11/2013,0.0,,7.0,0.25,0.25,7.0,,38.0,0:00,2013
D,,1/10/2013,0.0,,6.5,1.0,1.5,9.0,,49.0,0:00,2013
D,,1/24/2013,0.0,,6.5,0.9,1.6,4.0,,32.0,0:00,2013
D,,2/14/2013,0.0,,6.5,1.6,1.6,9.0,,45.0,0:00,2013
D,,2/28/2013,0.0,9.8,6.5,1.5,1.5,9.0,,48.0,0:00,2013
D,,3/13/2013,,,6.5,1.5,1.6,11.0,,45.0,0:00,2013
D,,3/28/2013,0.0,10.0,6.5,1.4,1.6,8.0,,48.0,0:00,2013
D,,4/11/2013,0.0,,6.5,1.2,1.4,20.0,,68.0,0:00,2013
D,,4/26/2013,0.0,8.6,6.5,0.3,1.5,15.0,,54.0,0:00,2013
D,,5/8/2013,0.0,,7.0,1.0,1.5,22.0,,70.0,0:00,2013
D,,5/25/2013,0.0,5.5,6.0,0.5,1.5,24.0,,72.0,0:00,2013
D,,6/13/2013,0.0,,7.0,0.8,1.3,30.0,,85.0,0:00,2013
D,,6/25/2013,0.0,6.4,7.5,0.6,1.2,,,88.0,0:00,2013
D,,7/11/2013,0.0,,7.0,0.9,1.4,26.0,,82.0,0:00,2013
D,,7/25/2013,0.0,3.8,6.5,0.7,1.8,27.0,,72.0,0:00,2013
D,,8/8/2013,0.0,6.8,7.0,0.9,1.3,26.0,,79.0,0:00,2013
D,,8/22/2013,0.0,4.2,6.5,1.1,1.5,27.0,,78.0,0:00,2013
D,,9/12/2013,0.0,,6.5,1.2,1.2,27.0,,75.0,0:00,2013
D,,9/26/2013,0.0,6.1,6.7,0.9,1.1,20.0,,69.0,0:00,2013
D,,10/22/2013,0.0,7.0,6.5,1.0,1.2,17.0,,58.0,0:00,2013
D,,11/12/2013,0.0,,6.0,0.8,1.1,12.0,,54.0,0:00,2013
D,,11/19/2013,0.0,9.6,6.5,1.2,1.2,12.0,,52.0,0:00,2013
D,,12/4/2013,0.0,,6.5,1.2,1.2,10.0,,51.0,0:00,2013
D,,12/11/2013,0.0,8.65,6.5,0.8,0.8,8.0,,38.0,0:00,2013
Bay,,1/10/2013,0.0,8.5,7.0,0.4,0.5,9.0,,48.0,0:00,2013
Bay,,1/24/2013,0.0,8.7,7.0,0.1,0.4,3.0,,32.0,0:00,2013
Bay,,2/14/2013,0.0,7.7,7.0,0.7,2.5,9.0,,45.0,0:00,2013
Bay,,2/28/2013,0.0,8.5,7.0,0.2,0.7,10.0,,48.0,0:00,2013
Bay,,3/13/2013,,10.0,7.5,0.2,0.6,11.0,,45.0,0:00,2013
Bay,,3/28/2013,0.0,10.0,7.0,0.2,0.3,8.0,,48.0,0:00,2013
Bay,,4/11/2013,0.0,8.0,7.0,0.3,0.9,20.0,,64.0,0:00,2013
Bay,,4/26/2013,0.0,8.9,7.0,0.2,0.2,14.0,,54.0,0:00,2013
Bay,,5/8/2013,0.0,8.2,7.0,0.3,0.7,19.0,,67.0,0:00,2013
Bay,,5/25/2013,0.0,6.1,7.5,0.4,0.9,24.0,,72.0,0:00,2013
Bay,,6/13/2013,0.0,6.9,7.5,0.5,0.7,26.0,,81.0,0:00,2013
Bay,,6/25/2013,0.0,6.7,7.5,0.4,0.9,26.0,,78.0,0:00,2013
Bay,,7/11/2013,0.0,6.8,7.5,0.5,0.9,26.0,,81.0,0:00,2013
Bay,,7/25/2013,0.0,5.9,8.0,0.5,0.8,26.0,,72.0,0:00,2013
Bay,,8/8/2013,0.0,6.8,8.5,0.5,0.8,24.0,,79.0,0:00,2013
Bay,,8/22/2013,0.0,6.0,8.5,0.5,0.7,26.0,,78.0,0:00,2013
Bay,,9/12/2013,0.0,4.3,8.0,0.5,0.8,25.0,,75.0,,2013
Bay,,9/26/2013,0.0,6.1,8.5,0.3,0.4,19.0,,69.0,0:00,2013
Bay,,10/22/2013,0.0,7.9,7.0,0.7,0.8,16.0,,58.0,0:00,2013
Bay,,11/12/2013,0.0,9.8,7.5,0.4,0.6,11.0,,54.0,0:00,2013
Bay,,11/19/2013,0.0,7.1,7.0,0.3,0.5,12.0,,52.0,0:00,2013
Bay,,12/4/2013,0.0,7.0,7.5,0.2,0.5,11.0,,50.0,0:00,2013
Bay,,12/11/2013,0.0,8.35,7.0,0.2,0.5,8.0,,38.0,0:00,2013
A,,1/3/2014,0.0,,6.5,0.6,0.9,6.0,,26.0,11:25,2014
B,,1/3/2014,0.0,,6.0,0.3,0.3,5.0,,26.0,11:35,2014
D,,1/3/2014,0.0,7.9,6.5,1.1,1.2,5.0,,26.0,10:45,2014
Bay,,1/3/2014,0.0,7.3,7.0,0.1,0.4,5.0,,26.0,10:15,2014
A,,1/14/2014,0.0,6.8,6.5,0.5,0.5,11.0,,53.0,10:20,2014
B,,1/14/2014,0.0,6.2,6.5,0.4,0.4,,,53.0,10:45,2014
D,,1/14/2014,0.0,,6.5,1.0,1.4,11.0,,53.0,11:10,2014
Bay,,1/14/2014,0.0,8.7,7.0,0.4,0.6,11.0,,53.0,09:45,2014
A,,2/11/2014,0.0,,6.5,0.5,0.9,1.0,,29.0,10:40,2014
B,,2/11/2014,0.0,,7.0,0.3,0.3,4.0,,29.0,10:10,2014
D,,2/11/2014,0.0,10.0,6.5,0.8,1.4,2.0,,29.0,,2014
Bay,,2/11/2014,0.0,8.8,7.0,0.2,0.2,3.0,,29.0,09:30,2014
A,,2/25/2014,0.0,6.0,6.5,0.3,0.5,9.0,,41.0,10:30,2014
B,,2/25/2014,0.0,8.1,7.0,0.3,0.3,8.0,,41.0,11:00,2014
D,,2/25/2014,0.0,,6.5,0.7,1.2,9.0,,41.0,11:20,2014
Bay,,2/25/2014,0.0,6.9,7.0,0.3,0.5,9.0,,41.0,09:30,2014
Bay,,3/12/2014,0.0,8.2,7.5,0.2,0.5,14.0,,57.0,09:45,2014
D,,3/12/2014,0.0,8.2,6.0,1.2,1.4,14.0,,54.0,10:45,2014
B,,3/12/2014,0.0,,7.0,0.3,0.3,14.5,,54.0,10:40,2014
A,,3/12/2014,0.0,,6.5,0.5,0.7,13.0,,54.0,10:50,2014
Bay,,3/27/2014,0.0,10.0,7.0,0.2,0.3,4.0,,40.0,09:45,2014
A,,3/27/2014,0.0,,7.0,0.1,0.5,7.0,,40.0,10:55,2014
B,,3/27/2014,0.0,,7.0,0.4,0.4,5.0,,40.0,10:25,2014
D,,3/27/2014,0.0,,6.5,1.5,1.6,6.0,,40.0,10:15,2014
A,,4/10/2014,0.0,,6.5,0.0,0.4,17.0,,54.0,10:45,2014
B,,4/10/2014,0.0,,7.0,0.3,0.3,15.0,,54.0,10:35,2014
D,,4/10/2014,0.0,8.2,6.5,0.9,1.6,16.0,,53.0,10:15,2014
Bay,,4/10/2014,0.0,9.0,7.5,0.4,0.7,,,52.0,09:45,2014
Bay,,5/7/2014,0.0,6.8,7.0,0.5,0.9,18.0,,60.0,09:45,2014
A,,5/7/2014,0.0,,6.5,0.0,0.9,19.0,,60.0,10:50,2014
B,,5/7/2014,0.0,,7.0,0.1,0.2,18.0,,60.0,10:37,2014
D,,5/7/2014,0.0,6.6,6.5,0.5,1.5,19.0,,60.0,10:15,2014
Bay,,5/20/2014,0.0,7.3,7.5,0.4,0.5,18.0,,67.0,09:50,2014
A,,5/20/2014,0.0,3.0,6.5,0.2,0.3,21.0,,67.0,10:25,2014
B,,5/20/2014,0.0,3.86,7.5,0.5,0.5,20.0,,68.0,10:50,2014
D,,5/20/2014,0.0,,6.5,0.5,1.4,21.0,,68.0,,2014
Bay,01CSV,6/10/2014,0.0,5.4,7.0,0.4,0.8,15.0,22.0,72.0,9:45,2014
A,01CSV,6/10/2014,0.0,0.0,7.0,0.5,0.7,27.0,23.0,74.0,11:00,2014
B,01CSV,6/10/2014,0.0,0.0,8.0,0.3,0.3,27.0,74.0,23.0,10:50,2014
C,01CSV,6/10/2014,0.0,4.3,7.0,0.8,1.3,27.0,74.0,23.0,10:35,2014
A,,6/24/2014,0.0,4.0,7.0,0.6,0.6,25.0,,78.0,10:30,2014
B,,6/24/2014,0.0,6.0,7.0,0.1,0.1,27.0,,78.0,10:50,2014
D,,6/24/2014,0.0,,7.0,0.7,1.2,28.0,,78.0,11:15,2014
Bay,,6/24/2014,0.0,4.2,8.0,0.4,0.6,24.0,,78.0,9:45,2014
A,,7/8/2014,0.0,,7.5,0.6,0.8,29.0,,83.0,10:50,2014
B,,7/8/2014,0.0,,7.5,0.1,0.1,28.0,,83.0,10:35,2014
D,,7/8/2014,0.0,5.8,6.5,1.0,1.3,28.0,,83.0,10:15,2014
Bay,,7/8/2014,0.0,4.2,7.5,0.5,0.8,25.0,,83.0,9:45,2014
Bay,,7/22/2014,0.0,3.7,7.5,0.4,0.6,26.0,,80.0,9:35,2014
A,,7/22/2014,0.0,,6.5,0.5,0.8,27.0,,80.0,10:40,2014
B,,7/22/2014,0.0,,7.5,0.1,0.1,28.0,,80.0,10:30,2014
D,,7/22/2014,0.0,5.3,7.0,0.8,1.3,27.0,,80.0,10:05,2014
Bay,,8/12/2014,0.0,3.9,8.0,4.5,7.5,25.0,,79.0,9:40,2014
D,,8/12/2014,0.0,,7.0,0.8,1.6,26.0,,80.0,11:07,2014
A,,8/12/2014,0.0,3.0,8.0,0.1,0.1,26.0,,80.0,10:45,2014
B,,8/12/2014,0.0,2.4,6.5,0.5,0.8,26.0,,80.0,10:25,2014
A,,8/28/2014,0.0,,7.0,0.7,0.7,27.0,,79.0,10:37,2014
D,,8/28/2014,0.0,5.3,6.5,1.0,1.5,25.0,,78.0,10:15,2014
Bay,,8/28/2014,0.0,3.9,8.5,0.35,0.45,24.0,,78.0,9:45,2014
A,,9/10/2014,0.0,4.6,6.5,0.4,0.4,24.0,,75.0,10:45,2014
B,,9/10/2014,0.0,3.7,6.5,0.2,0.2,25.0,,75.0,10:30,2014
D,,9/10/2014,0.0,,6.5,1.3,1.3,24.0,,75.0,10:15,2014
Bay,,9/10/2014,0.0,2.7,7.5,0.5,0.8,24.0,,75.0,9:35,2014
Bay,,9/23/2014,0.0,7.0,8.0,0.4,0.6,20.0,,63.0,9:40,2014
A,,9/23/2014,0.0,,6.0,0.3,0.6,22.0,,63.0,10:40,2014
B,,9/23/2014,0.0,,7.0,0.01,0.01,18.0,,63.0,10:30,2014
D,,9/23/2014,0.0,6.3,,1.0,1.3,20.0,,63.0,10:10,2014
A,,10/7/2014,0.0,6.4,7.0,0.3,0.3,20.0,,67.0,11:00,2014
B,,10/7/2014,0.0,5.9,7.0,0.1,0.1,17.0,,67.0,10:15,2014
D,,10/7/2014,0.0,,6.0,1.45,1.45,20.0,,67.0,11:20,2014
Bay,,10/7/2014,0.0,6.0,7.5,0.65,0.9,,,65.0,9:45,2014
A,,10/21/2014,0.0,,6.5,0.3,0.6,18.0,,68.0,10:45,2014
B,,10/21/2014,0.0,,7.5,0.1,0.1,,,68.0,10:35,2014
D,,10/21/2014,0.0,7.6,6.0,1.3,1.3,18.0,,68.0,10:15,2014
Bay,,10/21/2014,0.0,6.5,7.5,0.4,0.7,16.5,,68.0,9:45,2014
Bay,,11/13/2014,0.0,7.0,7.0,0.3,0.4,13.0,,51.0,9:45,2014
A,,11/13/2014,0.0,7.2,6.5,0.3,0.3,14.0,,51.0,10:45,2014
B,,11/13/2014,0.0,6.2,7.5,0.15,0.15,13.0,,51.0,11:15,2014
D,,11/13/2014,0.0,,6.5,0.12,0.12,14.0,,51.0,11:45,2014
Bay,,12/2/2014,0.0,9.8,7.0,0.4,0.6,11.0,,48.0,9:30,2014
A,,12/2/2014,0.0,,7.0,0.6,0.9,10.0,,48.0,10:50,2014
B,,12/2/2014,0.0,,6.5,0.3,0.3,10.0,,48.0,10:35,2014
D,,12/2/2014,0.0,9.7,6.0,1.2,1.2,10.0,,48.0,10:05,2014
Bay,,12/19/2014,0.0,7.6,9.0,0.5,0.5,11.0,,42.0,9:45,2014
A,,12/19/2014,0.0,7.3,7.0,0.6,1.0,7.0,,42.0,11:00,2014
B,,12/19/2014,0.0,6.3,6.5,0.15,0.15,7.0,,42.0,10:00,2014
D,,12/19/2014,0.0,,7.0,1.1,1.1,7.0,,42.0,10:25,2014
Bay,,1/6/2015,0.0,8.9,7.0,0.4,0.6,9.0,,38.0,9:45,2015
A,,1/6/2015,0.0,,6.5,0.7,0.7,9.0,,38.0,11:10,2015
B,,1/6/2015,0.0,,7.0,0.3,0.3,8.0,,38.0,11:00,2015
D,,1/6/2015,0.0,9.0,6.5,1.3,1.5,9.0,,38.0,10:30,2015
Bay,,1/20/2015,0.0,8.3,7.0,0.2,0.6,7.0,,44.0,9:45,2015
A,,1/20/2015,0.0,,6.5,0.5,1.0,8.0,,44.0,10:50,2015
B,,1/20/2015,0.0,,7.0,0.2,0.2,7.0,,44.0,10:40,2015
D,,1/20/2015,0.0,9.0,6.5,1.0,1.4,8.0,,45.0,10:10,2015
Bay,,2/3/2015,0.0,10.0,,0.4,0.6,,,31.0,9:20,2015
A,,2/3/2015,0.0,9.7,6.5,0.4,0.5,3.0,,32.0,10:30,2015
B,,2/3/2015,0.0,7.6,6.5,0.3,0.3,3.0,,35.0,10:57,2015
D,,2/3/2015,0.0,,6.5,1.2,1.5,4.0,,35.0,11:30,2015
A,,2/24/2015,0.0,,6.5,0.4,0.5,1.0,,25.0,11:00,2015
B,,2/24/2015,,,,,,,,25.0,10:55,2015
D,,2/24/2015,0.0,10.0,6.5,0.1,0.15,0.0,,25.0,10:20,2015
Bay,,2/24/2015,0.0,9.2,7.0,0.2,0.2,3.0,,25.0,09:45,2015
Bay,01csv,4/21/2015,0.0,7.1,7.0,0.3,0.9,20.0,,65.0,9:20,2015
B,01csv,4/21/2015,0.0,5.3,7.5,,,20.0,,65.0,10:15,2015
A,01csv,4/21/2015,0.0,4.0,6.5,0.3,0.4,19.0,,65.0,10:45,2015
Bay,01csv,4/7/2015,0.0,8.2,7.0,0.2,0.6,15.0,,64.0,9:45,2015
D,01csv,4/7/2015,0.0,7.4,6.5,0.9,1.3,16.0,,64.0,10:10,2015
B,01csv,4/7/2015,0.0,,7.0,0.3,0.3,17.0,,65.0,10:40,2015
A,01csv,4/7/2015,0.0,,7.0,0.3,0.5,18.0,,65.0,10:50,2015
Bay,01csv,3/24/2015,0.0,,6.5,0.9,1.2,10.0,,41.0,11:40,2015
Bay,01csv,3/24/2015,0.0,10.0,7.0,0.3,0.3,9.0,,40.0,9:50,2015
B,01csv,3/24/2015,0.0,10.0,7.0,0.4,0.5,9.0,,41.0,11:15,2015
A,01csv,3/24/2015,0.0,7.8,7.0,0.3,0.3,10.0,,41.0,10:40,2015
D,01csv,4/21/2015,0.0,,6.5,1.0,1.5,19.0,,65.0,11:15,2015
Bay,01csv,5/7/2015,0.0,6.3,7.5,0.3,0.6,20.0,,65.0,9:45,2015
D,01csv,5/7/2015,0.0,7.7,7.0,1.1,1.3,20.0,,65.0,10:15,2015
B,01csv,5/7/2015,0.0,,8.0,0.1,0.1,21.0,,66.0,10:35,2015
A,01csv,5/7/2015,0.0,,7.5,0.15,0.15,21.0,,66.0,10:45,2015
Bay,01csv,6/1/2015,0.0,4.3,7.5,0.4,0.9,25.0,,74.0,9:30,2015
D,01csv,6/1/2015,0.0,5.8,7.0,0.2,0.9,27.0,,75.0,9:55,2015
B,01csv,6/1/2015,0.0,,7.5,0.1,0.1,28.0,,75.0,10:30,2015
A,01csv,6/3/2015,0.0,,7.0,0.1,0.1,29.0,,76.0,10:40,2015
Bay,01csv,6/11/2015,0.0,5.0,8.5,0.4,0.8,26.0,,78.0,9:45,2015
B,01csv,6/11/2015,0.0,4.0,8.0,0.5,0.5,27.0,,83.0,10:18,2015
A,01csv,6/11/2015,0.0,5.1,8.0,0.5,0.6,28.0,,84.0,10:50,2015
D,01csv,6/11/2015,0.0,,7.0,0.8,1.1,29.0,,84.0,11:25,2015
d,01csv,7/23/2015,0.0,,7.0,0.8,1.2,30.5,,82.0,10:55,2015
B,01csv,7/23/2015,0.0,7.0,7.5,0.3,0.3,31.0,,82.0,10:35,2015
A,01csv,7/23/2015,0.0,6.0,7.5,0.4,0.4,30.0,,82.0,10:10,2015
Bay,01csv,7/23/2015,0.0,7.0,9.0,0.5,0.8,27.0,,81.0,9:35,2015
Bay,,9/22/2015,0.0,4.5,8.0,0.3,0.3,23.0,,73.0,09:30,2015
Bay,,9/9/2015,0.0,2.9,9.0,0.05,0.05,26.0,,81.0,09:38,2015
Bay,,10/7/2015,0.0,5.5,7.0,0.3,0.5,18.0,,65.0,09:45,2015
A,,10/7/2015,0.0,,6.0,0.5,0.7,20.0,,67.0,11:10,2015
B,,10/7/2015,0.0,,7.0,0.2,0.2,19.0,,67.0,10:55,2015
D,,10/7/2015,0.0,6.2,6.0,0.9,1.2,,,66.0,10:30,2015
A,,10/13/2015,0.0,6.7,7.0,0.4,0.4,15.0,,52.0,10:35,2015
B,,10/13/2015,0.0,6.0,7.0,0.05,0.05,12.0,,50.0,10:10,2015
D,,10/13/2015,0.0,,6.5,1.0,1.3,14.0,,50.0,10:00,2015
Bay,,10/13/2015,0.0,4.9,7.0,0.4,0.6,12.0,,50.0,09:30,2015
A,,11/3/2015,0.0,,7.0,0.4,0.4,18.0,,66.0,10:45,2015
B,,11/3/2015,0.0,,7.0,0.1,0.1,19.0,,66.0,10:35,2015
D,,11/3/2015,0.0,6.6,6.5,1.2,1.3,18.0,,65.0,10:15,2015
Bay,,11/3/2015,0.0,6.6,7.0,0.4,0.6,28.0,,65.0,09:45,2015
Bay,,11/17/2015,0.0,5.5,7.5,0.25,0.8,13.0,,55.0,09:35,2015
A,,11/17/2015,0.0,6.5,6.5,0.5,0.5,15.0,,56.0,11:00,2015
B,,11/17/2015,0.0,8.0,7.0,0.1,0.1,14.0,,55.0,10:35,2015
D,,11/17/2015,0.0,,6.5,0.9,1.5,14.0,,57.0,11:25,2015
Bay,,,0.0,,7.0,0.3,0.5,14.0,,52.0,09:20,1899
A,,12/1/2015,0.0,,7.0,0.5,0.5,15.0,,52.0,10:45,2015
B,,12/1/2015,0.0,,6.5,0.1,0.1,14.0,,52.0,10:38,2015
D,,12/1/2015,0.0,7.1,6.5,0.8,1.6,,,52.0,10:10,2015
A,,12/15/2015,0.0,,7.0,0.6,0.6,15.0,,63.0,10:50,2015
B,,12/15/2015,0.0,,6.5,0.3,0.3,17.0,,63.0,10:40,2015
D,,12/15/2015,0.0,6.6,6.0,0.7,1.8,16.0,,63.0,10:00,2015
Bay,,12/15/2015,0.0,7.9,7.0,0.5,0.8,17.0,,63.0,09:20,2015
Bay,,12/1/2015,0.0,,7.0,0.3,0.5,14.0,,52.0,09:20,2015
A,,12/30/2015,0.0,,6.0,0.7,1.3,17.0,,60.0,12:40,2015
B,,12/30/2015,0.0,,6.0,0.3,0.3,17.0,,60.0,12:30,2015
D,,12/30/2015,0.0,6.2,6.0,0.7,1.4,19.0,,59.0,12:00,2015
Bay,,12/30/2015,0.0,8.7,7.0,0.7,0.9,18.0,,59.0,11:20,2015
A,,1/13/2016,0.0,6.5,6.5,0.5,0.8,7.0,,39.0,10:15,2016
Bay,,1/13/2016,0.0,9.1,7.0,0.5,0.9,5.0,,39.0,9:45,2016
D,,1/13/2016,0.0,,6.5,0.7,1.9,6.0,,40.0,11:30,2016
B,,1/13/2016,0.0,6.6,6.5,0.3,0.3,5.0,,40.0,11:00,2016
A,,2/11/2016,0.0,,6.0,0.4,1.0,5.0,,27.0,10:50,2016
B,,2/11/2016,0.0,,6.0,0.6,0.6,2.0,,27.0,10:35,2016
D,,2/11/2016,0.0,10.0,5.5,0.6,1.3,3.0,,27.0,10:00,2016
Bay,,2/11/2016,0.0,9.5,7.0,0.1,0.2,5.0,,27.0,9:15,2016
Bay,,2/23/2016,0.0,9.0,7.0,0.4,0.6,11.0,,48.0,9:30,2016
B,,2/23/2016,0.0,8.0,,0.4,0.4,11.0,,48.0,10:15,2016
A,,2/23/2016,0.0,7.5,6.5,0.5,1.0,11.0,,48.0,10:45,2016
D,,2/23/2016,0.0,,6.5,0.8,1.8,10.0,,48.0,11:15,2016
Bay,,3/8/2016,0.0,9.5,7.0,0.3,0.7,11.0,,60.0,9:35,2016
D,,3/8/2016,0.0,9.5,6.5,0.9,1.8,12.0,,60.0,10:10,2016
B,,3/8/2016,0.0,,7.0,0.7,0.7,12.0,,62.0,10:45,2016
A,,3/8/2016,0.0,,7.0,0.3,1.0,12.0,,62.0,11:00,2016
A,,3/22/2016,0.0,7.1,6.5,0.6,0.6,11.0,,48.0,10:30,2016
B,,3/22/2016,0.0,6.5,7.0,0.3,0.3,11.0,,50.0,11:00,2016
D,,3/22/2016,0.0,,6.5,0.8,1.8,12.0,,50.0,11:30,2016
Bay,,3/22/2016,0.0,7.1,7.0,0.4,0.4,10.0,,48.0,9:30,2016
A,,4/14/2016,0.0,,6.5,0.5,0.6,15.0,,48.0,11:00,2016
B,,4/14/2016,0.0,,8.0,0.2,0.2,14.0,,48.0,10:45,2016
D,,4/14/2016,0.0,6.0,6.5,0.9,1.3,14.0,,48.0,10:20,2016
Bay,,4/14/2016,0.0,7.9,7.0,0.3,0.3,13.0,,48.0,9:30,2016
Bay,,5/3/2016,0.0,4.5,7.0,0.4,0.9,21.0,,65.0,9:40,2016
A,,5/3/2016,0.0,,7.0,0.4,0.9,22.0,,66.0,10:50,2016
B,,5/3/2016,0.0,,6.5,0.2,0.2,20.0,,66.0,10:40,2016
D,,5/3/2016,0.0,,6.5,0.5,1.2,21.0,,66.0,10:15,2016
,,,,,,,,,,,,1899
A,,8/31/2016,0.0,3.9,7.5,0.4,0.4,28.0,,82.0,10:40,2016
B,,8/31/2016,0.0,4.2,8.5,0.01,0.01,28.0,,81.0,10:20,2016
D,,8/31/2016,0.0,,6.5,0.9,0.9,29.0,,81.0,10:00,2016
Bay,,8/31/2016,0.0,4.3,8.5,0.3,0.5,27.0,,81.0,09:15,2016
A,,9/22/2016,0.0,,6.5,0.6,0.7,25.0,,75.0,11:00,2016
B,,9/22/2016,0.0,,6.5,0.3,0.3,24.0,,75.0,10:40,2016
D,,9/22/2016,0.0,5.0,6.0,0.6,1.8,,,75.0,10:15,2016
Bay,,9/22/2016,0.0,3.2,7.0,0.9,1.0,23.0,,75.0,9:45,2016
A,,10/5/2016,0.0,3.8,6.5,0.5,0.5,22.0,,70.0,19:50,2016
B,,10/5/2016,0.0,2.9,6.5,0.3,0.3,25.0,,70.0,10:30,2016
D,,,0.0,3.9,6.5,0.3,1.8,22.0,,70.0,10:00,1899
Bay,,10/5/2016,0.0,6.8,,0.4,0.6,21.0,,70.0,9:30,2016
A,,10/18/2016,0.0,,6.5,0.2,0.5,22.0,19.0,67.0,10:55,2016
B,,10/18/2016,0.0,,6.5,0.3,0.3,24.0,19.0,66.0,10:40,2016
Bay,,10/18/2016,0.0,6.3,7.0,0.5,1.2,,18.0,65.0,9:45,2016
D,,10/18/2016,0.0,6.0,6.5,0.5,1.4,25.0,19.0,66.0,10:15,2016
D,,11/2/2016,0.0,,6.5,0.8,1.6,17.0,16.0,60.0,11:10,2016
B,,11/2/2016,0.0,3.8,6.5,0.2,0.2,16.0,16.0,60.0,10:45,2016
A,,11/2/2016,0.0,4.4,6.5,0.2,0.4,16.0,16.0,60.0,10:15,2016
Bay,,11/2/2016,0.0,6.3,6.7,0.7,0.7,17.0,16.0,60.0,9:30,2016
A,,11/16/2016,0.0,,6.5,0.3,0.4,18.0,13.0,55.0,10:50,2016
B,,11/16/2016,0.0,,6.5,0.25,0.25,12.0,13.0,55.0,10:40,2016
D,,11/16/2016,0.0,8.8,6.5,1.0,1.3,14.0,13.0,55.0,10:20,2016
Bay,,11/16/2016,0.0,9.0,7.0,0.7,0.8,13.0,13.0,55.0,9:45,2016
A,,12/7/2016,0.0,,7.0,0.3,0.5,11.0,9.0,48.0,11:00,2016
B,,12/7/2016,0.0,,6.5,0.5,0.5,10.0,9.0,48.0,10:45,2016
Bay,,12/7/2016,0.0,7.6,7.0,0.4,0.5,11.0,9.0,48.0,9:15,2016
D,,12/7/2016,0.0,10.0,6.5,0.9,1.1,11.0,9.0,48.0,10:15,2016
A,,12/20/2016,0.0,,7.0,0.4,0.4,6.0,3.0,38.0,10:57,2016
Bay,,12/20/2016,0.0,6.7,7.0,3.0,3.5,5.0,3.0,38.0,9:40,2016
B,,12/20/2016,0.0,,6.5,0.4,0.4,5.0,3.0,38.0,10:45,2016
D,,12/20/2016,0.0,10.0,6.5,1.7,1.7,5.0,3.0,38.0,10:15,2016
D,,1/24/2017,0.0,,6.0,0.7,1.2,9.0,7.0,45.0,11:15,2017
A,,1/24/2017,0.0,7.9,,0.5,0.6,9.0,7.0,45.0,10:45,2017
Bay,,1/24/2017,0.0,3.2,7.0,0.3,0.6,9.0,7.0,45.0,9:45,2017
B,,1/24/2017,0.0,7.6,6.5,0.3,0.5,8.0,7.0,45.0,10:15,2017
A,,2/7/2017,0.0,,7.0,0.5,0.7,9.0,15.0,59.0,11:00,2017
D,,2/7/2017,0.0,10.0,6.5,0.9,1.3,10.0,14.0,58.0,10:25,2017
Bay,,2/7/2017,0.0,8.2,7.0,0.3,0.6,9.0,14.0,58.0,9:30,2017
B,,2/7/2017,0.0,,7.0,0.3,0.3,11.0,15.0,59.0,10:50,2017
D,,2/21/2017,0.0,,6.5,0.9,1.1,13.0,10.0,50.0,11:20,2017
A,,2/21/2017,0.0,5.7,6.5,0.5,0.9,13.0,10.0,50.0,10:25,2017
Bay,,2/21/2017,0.0,5.2,7.0,0.3,0.5,13.0,9.0,48.0,9:25,2017
B,,2/21/2017,0.0,5.2,7.0,0.5,0.5,12.0,9.0,48.0,10:10,2017
Bay,,3/8/2017,0.0,7.1,7.0,0.3,0.5,13.0,8.0,47.0,9:30,2017
A,,3/8/2017,0.0,,6.5,0.4,0.4,13.0,9.0,48.0,11:10,2017
B,,3/8/2017,0.0,,6.5,0.2,0.4,13.0,8.0,47.0,11:00,2017
D,,3/8/2017,0.0,10.0,6.5,1.6,1.6,12.0,8.0,47.0,10:15,2017
D,,3/21/2017,0.0,,6.5,0.9,1.7,10.0,11.0,51.0,11:05,2017
A,,3/21/2017,0.0,,,,,,11.0,51.0,10:45,2017
B,,3/21/2017,0.0,5.0,7.0,0.3,0.3,10.0,11.0,51.0,10:15,2017
Bay,,3/21/2017,0.0,3.2,7.0,0.3,0.3,10.0,10.0,50.0,9:30,2017
A,,4/4/2017,0.0,,7.0,0.5,0.6,20.0,21.7,71.0,11:00,2017
B,,4/4/2017,0.0,,7.0,0.2,0.3,19.0,21.7,71.0,10:50,2017
A,,4/18/2017,0.0,,6.5,0.4,0.9,19.0,,61.0,10:50,2017
A,,5/11/2017,0.0,,6.5,0.4,0.7,19.0,,63.0,10:45,2017
A,,5/25/2017,0.0,4.2,6.5,0.6,0.8,22.0,,72.0,10:25,2017
A,,6/7/2017,0.0,,6.5,0.5,0.6,23.0,,65.0,10:17,2017
A,,6/19/2017,0.0,,6.5,0.5,0.7,27.0,,72.0,10:50,2017
A,,7/11/2017,0.0,,7.0,0.5,0.5,31.0,,76.0,10:40,2017
A,,7/25/2017,0.0,3.6,7.0,0.8,0.9,27.0,,82.0,11:30,2017
B,,4/18/2017,0.0,,6.5,0.4,0.4,19.0,,61.0,10:40,2017
B,,5/11/2017,0.0,,6.5,0.2,0.2,18.0,,62.0,10:35,2017
B,,5/25/2017,,,,,,,,72.0,10:15,2017
B,,6/7/2017,0.0,,,,,,,64.0,,2017
B,,6/19/2017,0.0,3.9,7.0,0.5,0.5,26.0,,72.0,10:30,2017
B,,7/11/2017,0.0,,7.0,0.5,0.5,31.0,,76.0,10:40,2017
B,,7/25/2017,0.0,4.2,7.0,0.2,0.2,28.0,,81.0,10:55,2017
D,,4/18/2017,0.0,7.3,6.0,1.0,1.1,17.0,,61.0,10:10,2017
D,,5/11/2017,0.0,6.5,6.5,0.8,1.7,19.0,,62.0,10:05,2017
D,,5/25/2017,0.0,,6.5,0.7,1.8,22.0,,73.0,10:55,2017
D,,6/7/2017,0.0,4.6,6.5,0.7,1.6,22.0,,64.0,10:20,2017
D,,6/19/2017,0.0,,6.5,0.7,1.2,26.0,,72.0,10:15,2017
D,,7/11/2017,0.0,5.3,6.5,0.7,1.1,29.0,,75.0,10:05,2017
D,,7/25/2017,0.0,,6.5,0.9,1.2,29.0,,82.0,11:55,2017
Bay,,4/18/2017,0.0,6.0,6.0,0.4,0.7,20.0,,61.0,9:35,2017
Bay,,5/11/2017,0.0,5.0,6.0,0.4,0.4,18.0,,62.0,9:30,2017
Bay,,5/25/2017,0.0,6.9,7.0,0.5,0.9,20.0,,72.0,9:30,2017
Bay,,6/7/2017,0.0,3.5,6.0,0.6,0.9,21.0,,64.0,9:30,2017
Bay,,6/19/2017,0.0,4.3,6.5,0.5,1.0,25.0,,72.0,9:30,2017
Bay,,7/11/2017,0.0,4.7,7.0,0.4,0.9,27.0,,75.0,9:35,2017
Bay,,7/25/2017,0.0,6.2,7.0,0.4,0.9,26.0,,81.0,10:25,2017
A,,4/4/2017,0.0,,7.0,0.5,0.6,20.0,,71.0,11:00,2017
B,,4/4/2017,0.0,,7.0,0.2,0.3,19.0,,71.0,10:50,2017
D,,4/4/2017,0.0,6.2,6.5,1.0,1.1,19.0,,70.0,10:20,2017
Bay,,4/4/2017,0.0,4.2,6.25,0.2,0.9,19.0,,69.0,9:30,2017
A,,8/8/2017,0.0,,6.5,0.8,1.0,25.0,,70.0,10:50,2017
B,,8/8/2017,0.0,,6.5,0.1,0.1,25.0,,70.0,11:00,2017
D,,8/8/2017,0.0,4.8,,0.9,1.7,25.0,,70.0,10:30,2017
Bay,,8/8/2017,0.0,6.2,7.0,0.4,0.9,25.0,,70.0,10:00,2017
A,,9/12/2017,0.0,,7.0,0.4,0.4,21.0,,72.0,11:00,2017
B,,9/12/2017,0.0,,6.5,0.3,0.3,20.0,,72.0,10:50,2017
D,,9/12/2017,0.0,5.8,6.5,1.0,1.7,20.0,,72.0,10:15,2017
Bay,,9/12/2017,0.0,6.0,7.0,0.3,0.3,20.0,,72.0,09:30,2017
B,,9/29/2017,0.0,3.0,7.0,0.1,0.1,24.5,,78.0,10:15,2017
D,,9/29/2017,0.0,,6.5,1.3,1.3,25.0,,78.0,11:10,2017
Bay,,9/29/2017,0.0,,,0.1,0.1,,,78.0,09:35,2017
A,,10/12/2017,0.0,,6.5,0.3,0.4,25.0,,74.0,10:55,2017
B,,10/12/2017,0.0,,7.0,0.1,0.1,25.0,,74.0,11:05,2017
D,,10/12/2017,0.0,5.8,6.5,1.8,2.1,26.0,,74.0,10:25,2017
Bay,,10/12/2017,0.0,5.2,7.0,1.5,1.9,25.0,,74.0,09:45,2017
Bay,,10/26/2017,0.0,7.1,7.0,0.35,0.8,26.0,,54.0,09:40,2017
A,,10/26/2017,0.0,6.8,6.5,0.2,0.4,27.0,,54.0,10:45,2017
B,,10/26/2017,0.0,4.1,6.5,0.2,0.2,26.0,,54.0,10:15,2017
D,,10/26/2017,0.0,,6.5,1.2,1.2,27.0,,54.0,11:15,2017
Bay,,11/8/2017,,6.6,7.0,0.5,0.5,16.0,,52.0,09:30,2017
D,,11/8/2017,,6.9,6.5,1.2,1.5,16.0,,52.0,10:20,2017
B,,11/8/2017,,,6.5,0.2,0.2,15.0,,52.0,10:50,2017
A,,11/8/2017,,,6.5,0.6,0.6,16.0,,52.0,11:00,2017
A,,11/29/2017,,,,,,,,,,2017
A,,12/12/2017,0.0,,6.5,0.7,0.7,6.0,,48.0,11:25,2017
B,,11/29/2017,0.0,5.2,6.5,0.2,0.2,6.0,,48.0,10:40,2017
B,,12/12/2017,0.0,,6.5,0.2,0.2,6.0,,48.0,11:10,2017
D,,11/29/2017,0.0,,6.5,1.3,1.3,7.0,,48.0,10:20,2017
D,,12/12/2017,0.0,9.9,6.5,1.3,1.3,7.0,,48.0,11:40,2017
Bay,,11/29/2017,0.0,10.0,7.0,0.6,0.8,9.0,,48.0,09:45,2017
Bay,,12/12/2017,0.0,10.0,7.0,0.6,0.8,9.0,,48.0,10:00,2017
A,,1/16/2018,0.0,,7.0,0.6,0.6,5.0,,37.0,11:05,2018
A,,2/14/2018,0.0,,6.5,1.0,1.8,7.0,,45.0,10:50,2018
A,,3/7/2018,0.0,,6.5,1.1,1.8,8.0,,47.0,11:00,2018
A,,3/22/2018,0.0,8.0,6.5,0.7,0.9,7.0,,40.0,11:03,2018
A,,,1.0,,7.0,0.6,1.0,17.0,,70.0,4/4/18,1899
A,,4/17/2018,1.0,,7.0,1.3,1.6,14.0,,48.0,10:55,2018
A,,5/10/2018,0.1,,7.0,0.7,0.9,21.0,,65.0,,2018
A,,5/25/2018,0.1,4.0,6.5,5.5,7.0,26.0,,84.0,10:45,2018
A,,6/14/2018,0.1,,7.0,1.0,1.2,26.0,,84.0,10:40,2018
A,,6/27/2018,0.1,4.7,4.8,0.5,0.5,27.0,,76.0,11:05,2018
A,,7/18/2018,0.1,,7.0,0.5,0.5,28.0,,80.0,10:52,2018
A,,8/1/2018,0.0,,6.5,0.5,1.2,29.0,,83.0,10:55,2018
A,,8/14/2018,0.0,3.8,6.5,0.4,1.2,28.0,,78.0,,2018
A,,9/4/2018,0.0,,6.5,0.8,0.8,31.0,,85.0,10:57,2018
A,,9/20/2018,0.09,4.4,6.5,0.3,0.5,28.0,,80.0,10:55,2018
A,,1/31/2018,0.0,10.0,7.0,1.0,1.0,3.0,,30.0,,2018
B,,1/31/2018,0.0,7.7,6.5,0.4,0.5,3.0,,30.0,10:20,2018
B,,1/16/2018,0.0,,6.5,0.3,0.3,5.0,,37.0,10:50,2018
B,,2/14/2018,0.0,,6.5,0.5,0.5,8.0,,45.0,10:40,2018
B,,3/7/2018,0.0,,6.5,0.2,0.2,8.0,,47.0,10:50,2018
B,,3/22/2018,0.0,9.8,6.5,0.2,0.2,5.0,,40.0,10:22,2018
B,,4/4/2018,1.0,,7.0,0.5,0.5,19.0,,70.0,10:35,2018
B,,4/17/2018,1.0,8.0,6.5,0.4,0.4,10.0,,48.0,10:25,2018
B,,5/10/2018,0.8,,7.5,0.3,0.3,22.0,,65.0,10:40,2018
B,,5/25/2018,0.6,4.9,7.0,0.4,0.4,26.1,,74.0,10:10,2018
B,,6/14/2018,0.08,,7.0,0.3,0.3,29.0,,83.0,10:30,2018
B,,6/27/2018,0.7,3.7,7.0,0.2,0.2,26.0,,76.0,,2018
B,,7/18/2018,0.8,,7.0,0.1,0.1,28.0,,80.0,10:40,2018
B,,8/1/2018,8.0,,6.5,0.4,0.4,30.0,,83.0,10:35,2018
B,,8/14/2018,0.0,7.3,6.5,0.2,0.2,27.0,,77.0,10:20,2018
B,,9/4/2018,0.0,,6.5,0.2,0.2,30.0,,85.0,10:45,2018
B,,9/20/2018,0.0,5.0,6.5,0.2,0.2,28.0,,80.0,10:25,2018
D,,1/31/2018,0.0,,6.5,1.2,1.3,4.0,,30.0,10:10,2018
D,,1/16/2018,0.0,10.0,6.5,1.6,1.6,4.0,,37.0,09:50,2018
D,,2/14/2018,0.0,9.5,6.5,1.3,1.4,6.0,,45.0,10:10,2018
D,,3/7/2018,0.0,10.0,6.5,1.0,1.5,8.0,,47.0,10:15,2018
D,,3/22/2018,0.0,,6.5,1.1,1.7,7.0,,40.0,10:05,2018
D,,4/4/2018,1.0,8.0,,0.9,1.3,18.0,,70.0,10:00,2018
D,,4/17/2018,1.0,,7.0,0.9,1.3,14.0,,48.0,10:00,2018
D,,5/10/2018,0.0,6.3,6.5,0.8,1.2,21.4,,63.0,10:15,2018
D,,5/25/2018,0.0,,6.5,0.9,1.6,25.0,,73.0,09:55,2018
D,,6/14/2018,0.0,5.0,6.5,0.8,1.3,27.0,,82.0,10:05,2018
D,,6/27/2018,0.0,,6.5,0.7,1.5,25.0,,76.0,10:25,2018
D,,7/18/2018,0.0,4.0,,0.8,1.5,27.0,,80.0,10:10,2018
D,,8/1/2018,0.0,4.0,6.5,0.5,1.6,28.0,,82.0,10:10,2018
D,,8/14/2018,,,6.5,0.4,1.5,28.0,,77.0,10:05,2018
D,,9/4/2018,0.0,3.2,6.5,0.8,1.3,30.0,,83.0,10:25,2018
D,,9/20/2018,0.0,5.0,6.5,0.4,1.4,25.0,,80.0,10:05,2018
Bay,,1/31/2018,0.0,8.0,7.0,0.1,0.2,4.0,,30.0,09:30,2018
D,,,0.0,,,,,,37.0,,,1899
Bay,,2/14/2018,0.0,6.0,6.0,0.5,0.5,5.0,,45.0,0938,2018
Bay,,1/16/2018,,,,,,,,37.0,,2018
Bay,,3/7/2018,0.0,9.2,7.0,0.1,0.1,9.0,,47.0,09:45,2018
Bay,,3/22/2018,0.0,8.8,6.0,0.2,0.5,6.0,,40.0,09:40,2018
Bay,,4/4/2018,0.66,7.9,6.5,0.1,0.9,17.0,,70.0,09:35,2018
Bay,,4/17/2018,1.2,7.8,6.5,0.2,1.0,14.0,,48.0,09:35,2018
Bay,,5/10/2018,0.18,6.0,6.5,0.2,0.4,20.0,,62.0,09:40,2018
Bay,,5/25/2018,2.3,6.9,6.5,0.4,0.9,25.0,,73.0,09:45,2018
Bay,,6/14/2018,0.1,5.6,7.0,0.5,0.9,24.0,,82.0,09:35,2018
Bay,,6/27/2018,,6.0,7.0,0.4,0.8,24.0,,76.0,09:40,2018
Bay,,7/18/2018,2.6,6.2,7.0,0.6,0.9,26.0,,80.0,09:40,2018
Bay,,8/1/2018,1.9,3.8,7.0,0.5,1.2,26.0,,82.0,09:30,2018
Bay,,8/14/2018,2.1,6.0,7.0,0.5,0.9,26.0,,76.0,09:30,2018
Bay,,9/4/2018,1.9,6.2,7.5,0.4,0.7,28.0,,82.0,09:40,2018
Bay,,9/20/2018,1.6,4.2,7.0,0.4,1.0,25.0,,78.0,09:30,2018
A,,4/24/2019,,,,,,,,,,2019
A,,5/8/2019,0.0,,7.0,0.4,0.9,27.0,,71.0,10:50,2019
A,,5/23/2019,0.0,4.9,7.0,0.4,0.6,25.0,,69.0,10:45,2019
A,,6/5/2019,2.0,,8.0,0.6,0.8,28.0,,73.0,10:55,2019
A,,7/3/2019,0.0,,7.0,0.7,0.8,33.0,,87.0,10:45,2019
A,,8/6/2019,,,7.5,0.7,0.9,31.0,,81.0,10:50,2019
A,,8/20/2019,0.0,3.6,7.0,0.5,0.5,28.0,,84.0,10:40,2019
A,,9/3/2019,0.0,,7.0,0.8,1.0,28.0,,80.0,10:45,2019
A,,9/18/2019,0.0,4.6,7.0,0.6,0.6,23.0,,71.0,10:45,2019
A,,10/11/2019,0.0,,7.0,0.6,0.6,19.0,,65.0,10:45,2019
A,,10/23/2019,0.0,5.9,7.0,0.5,1.0,20.0,,63.0,10:25,2019
B,,4/24/2019,0.2,7.0,,0.5,0.5,23.0,,69.0,10:30,2019
B,,5/8/2019,0.0,,6.5,0.1,0.1,28.0,,71.0,10:45,2019
B,,5/23/2019,0.0,4.1,7.0,0.3,0.3,27.0,,69.0,11:10,2019
B,,6/5/2019,2.0,,9.0,0.2,0.2,27.0,,73.0,10:40,2019
B,,7/3/2019,0.0,,7.5,0.1,0.1,33.0,,87.0,10:58,2019
B,,8/6/2019,0.0,,7.5,0.1,0.1,31.0,,82.0,11:00,2019
B,,8/20/2019,0.0,,7.0,0.1,0.1,31.0,,87.0,11:05,2019
B,,9/3/2019,0.1,,7.0,0.1,0.1,30.0,,80.0,10:55,2019
B,,9/18/2019,0.0,4.7,6.5,0.2,0.2,23.0,,71.0,11:00,2019
B,,10/11/2019,0.0,,7.0,0.1,0.1,20.0,,65.0,10:55,2019
B,,10/23/2019,0.0,4.6,6.5,0.2,0.2,20.0,,63.0,10:55,2019
D,,4/24/2019,0.0,,6.5,0.6,0.14,22.0,,68.0,10:18,2019
D,,5/8/2019,0.24,4.8,6.5,0.7,0.13,24.0,,70.0,10:18,2019
D,,11/5/2019,0.0,,6.5,9.0,12.0,27.0,,70.0,5/23/19,2019
D,,6/5/2019,0.0,4.1,7.0,0.6,1.1,15.0,,72.0,10:10,2019
D,,7/3/2019,0.0,5.9,7.0,0.4,1.1,28.0,,86.0,10:30,2019
D,,8/6/2019,0.0,3.6,6.5,0.7,1.2,25.0,,79.0,10:10,2019
D,,8/20/2019,,,6.5,1.2,0.5,27.0,,84.0,10:15,2019
D,,9/3/2019,0.0,5.5,7.0,0.5,1.2,28.0,,80.0,10:15,2019
D,,9/18/2019,0.0,,7.0,0.5,1.0,23.0,,,10:15,2019
D,,10/11/2019,0.0,,6.5,0.9,1.0,20.0,,63.0,10:05,2019
D,,10/23/2019,0.0,,6.5,0.9,1.0,20.0,,63.0,10:10,2019
Bay,,4/24/2019,0.7,4.0,6.5,0.3,1.0,22.0,,68.0,9:45,2019
Bay,,5/8/2019,0.8,5.3,7.0,0.4,0.7,22.0,,69.0,9:45,2019
Bay,,5/23/2019,0.8,6.9,7.0,0.4,0.9,22.0,,69.0,9:30,2019
Bay,,6/5/2019,9.0,4.2,8.0,0.4,0.9,24.0,,72.0,9:30,2019
Bay,,7/3/2019,0.0,6.5,7.5,0.4,0.9,26.0,,85.0,09:35,2019
Bay,,8/6/2019,0.01,4.4,7.5,0.4,0.8,25.0,,79.0,09:30,2019
Bay,,8/20/2019,0.0,4.0,7.0,0.4,1.0,26.0,,82.0,9:45,2019
Bay,,9/3/2019,0.0,4.5,9.0,0.4,0.9,27.0,,79.0,9:30,2019
Bay,,9/18/2019,0.5,4.1,7.5,0.4,0.4,22.8,,71.0,9:30,2019
Bay,,10/11/2019,0.1,6.0,,0.3,0.3,19.0,,65.0,9:30,2019
Bay,,10/23/2019,0.5,6.2,7.0,0.5,0.9,19.0,,63.0,9:30,2019
A,,2/6/2019,0.0,,6.5,0.1,0.5,15.0,,57.0,11:15,2019
A,,2/28/2019,0.0,10.0,7.0,0.4,1.3,10.0,,46.0,10:45,2019
A,,3/14/2019,0.0,,6.5,0.7,1.2,15.0,,60.0,11:10,2019
A,,3/26/2019,0.0,7.0,6.5,0.0,0.4,11.0,,44.0,10:45,2019
D,,5/23/2019,0.0,,6.5,0.9,1.2,27.0,,70.0,11:40,2019
B,,2/6/2019,0.0,,6.5,0.2,0.2,15.0,,57.0,10:45,2019
B,,2/28/2019,0.0,8.7,6.5,0.4,0.4,10.0,,46.0,10:20,2019
B,,3/14/2019,0.0,,6.5,0.4,0.4,15.0,,60.0,11:00,2019
B,,3/26/2019,0.0,9.5,7.0,0.3,0.3,12.0,,44.0,10:20,2019
B,,4/10/2019,0.2,,7.0,0.2,0.2,19.0,,58.0,10:05,2019
D,,2/6/2019,0.0,10.0,6.5,1.0,1.5,13.0,,46.0,10:20,2019
D,,2/28/2019,0.0,,6.5,1.0,1.5,13.0,,46.0,10:05,2019
D,,3/14/2019,0.0,8.3,6.5,1.0,1.4,16.0,,59.0,10:45,2019
D,,3/26/2019,0.0,,6.5,0.9,1.4,14.0,,44.0,10:10,2019
D,,4/10/2019,0.0,6.7,6.5,0.9,1.4,20.0,,57.0,10:15,2019
Bay,,2/6/2019,0.0,6.0,7.0,0.4,0.6,15.0,,56.0,09:40,2019
Bay,,2/28/2019,0.7,10.0,6.5,0.4,0.6,12.0,,46.0,09:30,2019
Bay,,3/14/2019,0.6,8.7,6.5,0.4,0.8,15.0,,59.0,10:15,2019
Bay,,4/26/2019,0.6,10.0,6.5,0.1,0.4,12.0,,44.0,09:40,2019
Bay,,4/10/2019,0.0,7.4,6.5,0.2,0.7,19.0,,57.0,09:45,2019
A,,8/13/2015,0.0,,7.5,0.5,0.6,27.0,,82.0,10:45,2015
A,,8/27/2015,0.0,5.7,7.0,0.2,0.4,25.0,,79.0,10:40,2015
A,,9/9/2015,0.0,10.0,7.5,0.2,0.2,29.0,,83.0,10:20,2015
A,,9/22/2015,0.0,,7.5,0.7,0.7,25.0,,74.0,11:00,2015
B,,8/13/2015,0.0,,7.0,0.2,0.2,27.0,,81.0,10:30,2015
B,,8/27/2015,0.0,3.2,8.5,0.2,0.2,23.0,,79.0,10:20,2015
B,,9/9/2015,0.0,,7.5,0.8,0.8,28.0,,84.0,10:50,2015
B,,9/22/2015,0.0,2.3,8.0,0.3,0.3,24.0,,73.0,10:30,2015
D,,8/13/2015,0.0,6.1,6.0,0.9,1.1,27.0,,82.0,10:10,2015
D,,8/27/2015,0.0,,7.0,0.8,1.0,24.0,,79.0,10:05,2015
D,,9/9/2015,0.0,4.8,7.0,0.6,0.9,28.0,,82.0,10:00,2015
D,,9/22/2015,0.0,,7.0,0.7,0.9,24.0,,74.0,11:30,2015
Bay,,8/13/2015,0.0,6.3,9.0,0.4,0.4,26.0,,82.0,09:45,2015
Bay,,8/27/2015,0.0,5.0,8.5,0.4,0.7,23.0,,79.0,09:45,2015
A,,10/11/2018,0.0,,6.5,0.4,0.4,27.0,,79.0,10:50,2018
A,,10/24/2018,0.0,6.6,6.5,0.2,0.7,15.0,,58.0,10:55,2018
A,,10/28/2019,0.1,,6.5,0.7,1.0,13.0,,49.0,11:00,2019
A,,11/7/2018,0.0,,6.5,0.6,0.6,20.0,,65.0,10:58,2018
A,,12/11/2018,0.0,,6.5,0.8,1.2,11.0,,42.0,10:40,2018
B,,10/11/2018,0.0,,6.5,0.1,0.1,27.0,,79.0,10:35,2018
B,,10/24/2018,0.1,6.7,6.5,0.2,0.2,15.0,,58.0,10:25,2018
B,,10/28/2018,0.1,5.0,7.0,0.4,0.5,13.0,,49.0,10:30,2018
B,,11/7/2018,,0.0,7.0,0.2,0.2,20.0,,65.0,10:45,2018
B,,12/11/2018,0.0,,6.5,0.4,0.4,9.0,,42.0,10:20,2018
D,,10/11/2018,0.0,6.0,6.5,0.7,1.2,26.0,,78.0,10:10,2018
D,,10/24/2018,0.0,,6.5,0.6,1.3,16.0,,58.0,10:15,2018
D,,10/28/2018,0.0,,6.5,1.1,1.2,13.0,,49.0,10:15,2018
D,,11/7/2018,0.0,6.9,6.5,0.9,1.3,20.0,,65.0,10:22,2018
D,,12/11/2018,0.0,,6.5,1.2,1.4,11.0,,42.0,10:15,2018
Bay,,10/11/2018,1.9,5.0,7.0,4.0,1.2,25.0,,78.0,09:30,2018
Bay,,10/24/2018,0.0,9.0,7.0,0.3,0.6,18.0,,58.0,09:30,2018
Bay,,10/28/2018,0.9,2.9,7.0,0.4,0.9,13.0,,49.0,09:20,2018
Bay,,11/7/2018,1.7,,7.0,0.45,0.9,20.0,,65.0,09:45,2018
Bay,,12/11/2018,0.1,,7.0,0.1,0.1,10.0,,42.0,09:40,2018
